{
  "segment_id": "segment-15832924468527961_1564_160_1584_160_with_camera_labels",
  "frame_index": 0,
  "timestamp_us": 1507678826876435,
  "camera_name": "FRONT",
  "image_path": "/home/wakamatsu/ITS/waymo_outputs/cam_gray_test/training/segment-15832924468527961_1564_160_1584_160_with_camera_labels/FRONT/0000_cam.png",
  "image_path_raw": "/home/wakamatsu/ITS/waymo_outputs/cam_gray_test/training/segment-15832924468527961_1564_160_1584_160_with_camera_labels/FRONT/0000_cam_raw.png",
  "width": 1920,
  "height": 1280,
  "intrinsic": [
    2084.2156571134137,
    2084.2156571134137,
    982.6994065605393,
    647.3422876254992
  ],
  "world_to_cam": [
    [
      -0.7724252622794393,
      0.634254825573913,
      0.032863816405650885,
      10108.954701587298
    ],
    [
      -0.6350886092360299,
      -0.771749025343566,
      -0.03264812858191161,
      7459.890455257457
    ],
    [
      0.004655385181095937,
      -0.04608967473806899,
      0.9989264583898829,
      342.02638074061304
    ],
    [
      0.0,
      0.0,
      0.0,
      1.0
    ]
  ],
  "vehicle_pose": [
    [
      -0.7703630570124186,
      -0.6376026191377911,
      -0.0019132326335000649,
      12545.690490113635
    ],
    [
      0.637553410479498,
      -0.7702583153771341,
      -0.015092262200883014,
      -639.6963725214819
    ],
    [
      0.008149182562792977,
      -0.012846309236833851,
      0.9998842748851239,
      -432.455
    ],
    [
      0.0,
      0.0,
      0.0,
      1.0
    ]
  ],
  "pose_xyyaw": {
    "x": 12545.690490113635,
    "y": -639.6963725214819,
    "yaw_deg": 140.3888010307093
  },
  "preprocess": {
    "grayscale": true,
    "clahe": {
      "enabled": true,
      "clip_limit": 2.0,
      "tile_grid": 8
    }
  }
}