{
  "segment_id": "segment-15832924468527961_1564_160_1584_160_with_camera_labels",
  "frame_index": 1,
  "timestamp_us": 1507678826976463,
  "camera_name": "FRONT",
  "image_path": "/home/wakamatsu/ITS/waymo_outputs/cam_gray_test/training/segment-15832924468527961_1564_160_1584_160_with_camera_labels/FRONT/0001_cam.png",
  "image_path_raw": "/home/wakamatsu/ITS/waymo_outputs/cam_gray_test/training/segment-15832924468527961_1564_160_1584_160_with_camera_labels/FRONT/0001_cam_raw.png",
  "width": 1920,
  "height": 1280,
  "intrinsic": [
    2084.2156571134137,
    2084.2156571134137,
    982.6994065605393,
    647.3422876254992
  ],
  "world_to_cam": [
    [
      -0.7689612178604227,
      0.6388543183184789,
      0.02374458659246405,
      10062.932534217045
    ],
    [
      -0.6392754803566031,
      -0.7681132473210343,
      -0.036454073911841925,
      7513.090942125855
    ],
    [
      -0.005050311025048168,
      -0.04321110107099025,
      0.9990531993356425,
      465.7021259404862
    ],
    [
      0.0,
      0.0,
      0.0,
      1.0
    ]
  ],
  "vehicle_pose": [
    [
      -0.7666463355693345,
      -0.6419675989296237,
      -0.011445439381917907,
      12544.485261265094
    ],
    [
      0.6420689036075301,
      -0.7665502837228874,
      -0.01217314850747548,
      -638.7029317662747
    ],
    [
      -0.0009587378867845129,
      -0.01668126041085187,
      0.9998603984420874,
      -432.433
    ],
    [
      0.0,
      0.0,
      0.0,
      1.0
    ]
  ],
  "pose_xyyaw": {
    "x": 12544.485261265094,
    "y": -638.7029317662747,
    "yaw_deg": 140.05371195002846
  },
  "preprocess": {
    "grayscale": true,
    "clahe": {
      "enabled": true,
      "clip_limit": 2.0,
      "tile_grid": 8
    }
  }
}