{
  "segment_id": "segment-15832924468527961_1564_160_1584_160_with_camera_labels",
  "frame_index": 2,
  "timestamp_us": 1507678827076537,
  "camera_name": "FRONT",
  "image_path": "/home/wakamatsu/ITS/waymo_outputs/cam_gray_test/training/segment-15832924468527961_1564_160_1584_160_with_camera_labels/FRONT/0002_cam.png",
  "image_path_raw": "/home/wakamatsu/ITS/waymo_outputs/cam_gray_test/training/segment-15832924468527961_1564_160_1584_160_with_camera_labels/FRONT/0002_cam_raw.png",
  "width": 1920,
  "height": 1280,
  "intrinsic": [
    2084.2156571134137,
    2084.2156571134137,
    982.6994065605393,
    647.3422876254992
  ],
  "world_to_cam": [
    [
      -0.7649551771875133,
      0.6440598408730542,
      0.0055225237524642685,
      10006.569500486412
    ],
    [
      -0.6437547987105163,
      -0.7642627627301967,
      -0.03849920312408567,
      7570.847860739357
    ],
    [
      -0.02057513137753653,
      -0.0330053159140047,
      0.9992433703008561,
      667.049950615457
    ],
    [
      0.0,
      0.0,
      0.0,
      1.0
    ]
  ],
  "vehicle_pose": [
    [
      -0.7622424040359138,
      -0.6467376873378502,
      -0.02677463849316944,
      12543.290593332023
    ],
    [
      0.6470076437872161,
      -0.7624810971201867,
      -0.0019197435534627806,
      -637.7087025986789
    ],
    [
      -0.019173585227219955,
      -0.018786705706043978,
      0.999639651733688,
      -432.421
    ],
    [
      0.0,
      0.0,
      0.0,
      1.0
    ]
  ],
  "pose_xyyaw": {
    "x": 12543.290593332023,
    "y": -637.7087025986789,
    "yaw_deg": 139.6746910926061
  },
  "preprocess": {
    "grayscale": true,
    "clahe": {
      "enabled": true,
      "clip_limit": 2.0,
      "tile_grid": 8
    }
  }
}