{
  "segment_id": "segment-15832924468527961_1564_160_1584_160_with_camera_labels",
  "frame_index": 3,
  "timestamp_us": 1507678827176651,
  "camera_name": "FRONT",
  "image_path": "/home/wakamatsu/ITS/waymo_outputs/cam_gray_test/training/segment-15832924468527961_1564_160_1584_160_with_camera_labels/FRONT/0003_cam.png",
  "image_path_raw": "/home/wakamatsu/ITS/waymo_outputs/cam_gray_test/training/segment-15832924468527961_1564_160_1584_160_with_camera_labels/FRONT/0003_cam_raw.png",
  "width": 1920,
  "height": 1280,
  "intrinsic": [
    2084.2156571134137,
    2084.2156571134137,
    982.6994065605393,
    647.3422876254992
  ],
  "world_to_cam": [
    [
      -0.7606738115317628,
      0.6491184183137122,
      -0.004542186218677508,
      9950.181875528457
    ],
    [
      -0.6485255236731279,
      -0.7602447900284799,
      -0.037980315678619425,
      7633.465223230279
    ],
    [
      -0.028106895848449664,
      -0.025944907794346314,
      0.9992681642909012,
      766.0528213721129
    ],
    [
      0.0,
      0.0,
      0.0,
      1.0
    ]
  ],
  "vehicle_pose": [
    [
      -0.757760817172738,
      -0.6516406854304903,
      -0.034102214728447405,
      12542.098809236579
    ],
    [
      0.6518770756445297,
      -0.7583069402745087,
      0.005182912371307151,
      -636.7038777061199
    ],
    [
      -0.029237342677478,
      -0.018303044096365705,
      0.9994049111195953,
      -432.445
    ],
    [
      0.0,
      0.0,
      0.0,
      1.0
    ]
  ],
  "pose_xyyaw": {
    "x": 12542.098809236579,
    "y": -636.7038777061199,
    "yaw_deg": 139.29565657480543
  },
  "preprocess": {
    "grayscale": true,
    "clahe": {
      "enabled": true,
      "clip_limit": 2.0,
      "tile_grid": 8
    }
  }
}