{
  "segment_id": "segment-15832924468527961_1564_160_1584_160_with_camera_labels",
  "frame_index": 4,
  "timestamp_us": 1507678827276757,
  "camera_name": "FRONT",
  "image_path": "/home/wakamatsu/ITS/waymo_outputs/cam_gray_test/training/segment-15832924468527961_1564_160_1584_160_with_camera_labels/FRONT/0004_cam.png",
  "image_path_raw": "/home/wakamatsu/ITS/waymo_outputs/cam_gray_test/training/segment-15832924468527961_1564_160_1584_160_with_camera_labels/FRONT/0004_cam_raw.png",
  "width": 1920,
  "height": 1280,
  "intrinsic": [
    2084.2156571134137,
    2084.2156571134137,
    982.6994065605393,
    647.3422876254992
  ],
  "world_to_cam": [
    [
      -0.7563579988581342,
      0.654155328056743,
      -0.0018396571130789004,
      9898.860029054016
    ],
    [
      -0.6537451218092152,
      -0.7559776163197824,
      -0.03339400146904205,
      7703.62003387979
    ],
    [
      -0.02323560358529968,
      -0.02405515326151328,
      0.9994405716837755,
      706.2811651716376
    ],
    [
      0.0,
      0.0,
      0.0,
      1.0
    ]
  ],
  "vehicle_pose": [
    [
      -0.7535514001906254,
      -0.6567480028031932,
      -0.02902323353392513,
      12540.907124733203
    ],
    [
      0.6568524769816345,
      -0.7539855716646119,
      0.007112046448072666,
      -635.6845776621527
    ],
    [
      -0.02655392162824734,
      -0.013704690277609238,
      0.9995534356454164,
      -432.495
    ],
    [
      0.0,
      0.0,
      0.0,
      1.0
    ]
  ],
  "pose_xyyaw": {
    "x": 12540.907124733203,
    "y": -635.6845776621527,
    "yaw_deg": 138.92212718947576
  },
  "preprocess": {
    "grayscale": true,
    "clahe": {
      "enabled": true,
      "clip_limit": 2.0,
      "tile_grid": 8
    }
  }
}