{
  "segment_id": "segment-15832924468527961_1564_160_1584_160_with_camera_labels",
  "frame_index": 5,
  "timestamp_us": 1507678827376866,
  "camera_name": "FRONT",
  "image_path": "/home/wakamatsu/ITS/waymo_outputs/cam_gray_test/training/segment-15832924468527961_1564_160_1584_160_with_camera_labels/FRONT/0005_cam.png",
  "image_path_raw": "/home/wakamatsu/ITS/waymo_outputs/cam_gray_test/training/segment-15832924468527961_1564_160_1584_160_with_camera_labels/FRONT/0005_cam_raw.png",
  "width": 1920,
  "height": 1280,
  "intrinsic": [
    2084.2156571134137,
    2084.2156571134137,
    982.6994065605393,
    647.3422876254992
  ],
  "world_to_cam": [
    [
      -0.7527112662676337,
      0.6583265337114493,
      0.005650189841383307,
      9857.447245320249
    ],
    [
      -0.6581627346101522,
      -0.7522634422120833,
      -0.030356684300392116,
      7762.688218570723
    ],
    [
      -0.015734179491219153,
      -0.02656856267650628,
      0.9995231598482562,
      610.7011621545699
    ],
    [
      0.0,
      0.0,
      0.0,
      1.0
    ]
  ],
  "vehicle_pose": [
    [
      -0.7500786062932943,
      -0.6610040488031369,
      -0.021347876872642363,
      12539.721162088106
    ],
    [
      0.6610734638820699,
      -0.7503068978511759,
      0.004629728707689011,
      -634.6548071741854
    ],
    [
      -0.019077728692663703,
      -0.010639854454146188,
      0.9997613884148175,
      -432.543
    ],
    [
      0.0,
      0.0,
      0.0,
      1.0
    ]
  ],
  "pose_xyyaw": {
    "x": 12539.721162088106,
    "y": -634.6548071741854,
    "yaw_deg": 138.60901765754403
  },
  "preprocess": {
    "grayscale": true,
    "clahe": {
      "enabled": true,
      "clip_limit": 2.0,
      "tile_grid": 8
    }
  }
}