{
  "segment_id": "segment-15832924468527961_1564_160_1584_160_with_camera_labels",
  "frame_index": 6,
  "timestamp_us": 1507678827476970,
  "camera_name": "FRONT",
  "image_path": "/home/wakamatsu/ITS/waymo_outputs/cam_gray_test/training/segment-15832924468527961_1564_160_1584_160_with_camera_labels/FRONT/0006_cam.png",
  "image_path_raw": "/home/wakamatsu/ITS/waymo_outputs/cam_gray_test/training/segment-15832924468527961_1564_160_1584_160_with_camera_labels/FRONT/0006_cam_raw.png",
  "width": 1920,
  "height": 1280,
  "intrinsic": [
    2084.2156571134137,
    2084.2156571134137,
    982.6994065605393,
    647.3422876254992
  ],
  "world_to_cam": [
    [
      -0.7491907549474385,
      0.6622761632682613,
      0.010173311553180058,
      9816.19656871845
    ],
    [
      -0.6622868637487962,
      -0.7488069554710076,
      -0.02577311669208755,
      7818.573379403662
    ],
    [
      -0.009451074387106146,
      -0.026046631354388512,
      0.99961605138574,
      532.3339997226398
    ],
    [
      0.0,
      0.0,
      0.0,
      1.0
    ]
  ],
  "vehicle_pose": [
    [
      -0.7467026373316863,
      -0.6649911175902181,
      -0.014899158634534525,
      12538.542916730354
    ],
    [
      0.6649983604605034,
      -0.74682684707779,
      0.005180836678546254,
      -633.6202573602902
    ],
    [
      -0.014572302040060117,
      -0.00603937165275119,
      0.9998755792613865,
      -432.577
    ],
    [
      0.0,
      0.0,
      0.0,
      1.0
    ]
  ],
  "pose_xyyaw": {
    "x": 12538.542916730354,
    "y": -633.6202573602902,
    "yaw_deg": 138.3123825418904
  },
  "preprocess": {
    "grayscale": true,
    "clahe": {
      "enabled": true,
      "clip_limit": 2.0,
      "tile_grid": 8
    }
  }
}