{
  "segment_id": "segment-15832924468527961_1564_160_1584_160_with_camera_labels",
  "frame_index": 7,
  "timestamp_us": 1507678827577122,
  "camera_name": "FRONT",
  "image_path": "/home/wakamatsu/ITS/waymo_outputs/cam_gray_test/training/segment-15832924468527961_1564_160_1584_160_with_camera_labels/FRONT/0007_cam.png",
  "image_path_raw": "/home/wakamatsu/ITS/waymo_outputs/cam_gray_test/training/segment-15832924468527961_1564_160_1584_160_with_camera_labels/FRONT/0007_cam_raw.png",
  "width": 1920,
  "height": 1280,
  "intrinsic": [
    2084.2156571134137,
    2084.2156571134137,
    982.6994065605393,
    647.3422876254992
  ],
  "world_to_cam": [
    [
      -0.7449889796755425,
      0.6670088872948098,
      0.0095165346494556,
      9764.662092892126
    ],
    [
      -0.6670348171008829,
      -0.7447063166362403,
      -0.021841582755738075,
      7882.397729400205
    ],
    [
      -0.007481506344725121,
      -0.02261959840103006,
      0.9997161501301209,
      509.88997480624727
    ],
    [
      0.0,
      0.0,
      0.0,
      1.0
    ]
  ],
  "vehicle_pose": [
    [
      -0.7425366085024372,
      -0.6696844525483256,
      -0.012732597878970688,
      12537.372626053853
    ],
    [
      0.6696320075197021,
      -0.7426427716140311,
      0.008642237821497294,
      -632.5807881625117
    ],
    [
      -0.01524334408296758,
      -0.0021089771167901515,
      0.9998815893278008,
      -432.599
    ],
    [
      0.0,
      0.0,
      0.0,
      1.0
    ]
  ],
  "pose_xyyaw": {
    "x": 12537.372626053853,
    "y": -632.5807881625117,
    "yaw_deg": 137.9553275728388
  },
  "preprocess": {
    "grayscale": true,
    "clahe": {
      "enabled": true,
      "clip_limit": 2.0,
      "tile_grid": 8
    }
  }
}