{
  "segment_id": "segment-15832924468527961_1564_160_1584_160_with_camera_labels",
  "frame_index": 8,
  "timestamp_us": 1507678827677307,
  "camera_name": "FRONT",
  "image_path": "/home/wakamatsu/ITS/waymo_outputs/cam_gray_test/training/segment-15832924468527961_1564_160_1584_160_with_camera_labels/FRONT/0008_cam.png",
  "image_path_raw": "/home/wakamatsu/ITS/waymo_outputs/cam_gray_test/training/segment-15832924468527961_1564_160_1584_160_with_camera_labels/FRONT/0008_cam_raw.png",
  "width": 1920,
  "height": 1280,
  "intrinsic": [
    2084.2156571134137,
    2084.2156571134137,
    982.6994065605393,
    647.3422876254992
  ],
  "world_to_cam": [
    [
      -0.7399885617663743,
      0.6726065553236849,
      0.004165355991943357,
      9701.632615278175
    ],
    [
      -0.6725689198951025,
      -0.7398428701629376,
      -0.016839698934418005,
      7957.012206900426
    ],
    [
      -0.00824478296063706,
      -0.015262673575538658,
      0.999849525853395,
      524.1983711050676
    ],
    [
      0.0,
      0.0,
      0.0,
      1.0
    ]
  ],
  "vehicle_pose": [
    [
      -0.7375019324450717,
      -0.675214791206561,
      -0.013262178390635437,
      12536.209896656046
    ],
    [
      0.6750304211700676,
      -0.7376155615673046,
      0.016037887289511873,
      -631.5354240780624
    ],
    [
      -0.02061140787879645,
      0.0028755990036880516,
      0.999783426945868,
      -432.62
    ],
    [
      0.0,
      0.0,
      0.0,
      1.0
    ]
  ],
  "pose_xyyaw": {
    "x": 12536.209896656046,
    "y": -631.5354240780624,
    "yaw_deg": 137.53234761791825
  },
  "preprocess": {
    "grayscale": true,
    "clahe": {
      "enabled": true,
      "clip_limit": 2.0,
      "tile_grid": 8
    }
  }
}