{
  "segment_id": "segment-15832924468527961_1564_160_1584_160_with_camera_labels",
  "frame_index": 9,
  "timestamp_us": 1507678827777492,
  "camera_name": "FRONT",
  "image_path": "/home/wakamatsu/ITS/waymo_outputs/cam_gray_test/training/segment-15832924468527961_1564_160_1584_160_with_camera_labels/FRONT/0009_cam.png",
  "image_path_raw": "/home/wakamatsu/ITS/waymo_outputs/cam_gray_test/training/segment-15832924468527961_1564_160_1584_160_with_camera_labels/FRONT/0009_cam_raw.png",
  "width": 1920,
  "height": 1280,
  "intrinsic": [
    2084.2156571134137,
    2084.2156571134137,
    982.6994065605393,
    647.3422876254992
  ],
  "world_to_cam": [
    [
      -0.7346188703547682,
      0.6784682963215583,
      0.0039857502689344135,
      9636.372039693342
    ],
    [
      -0.6784526606477043,
      -0.734523849737613,
      -0.01329290888735355,
      8035.65653209844
    ],
    [
      -0.006091188614330034,
      -0.012469364585192377,
      0.9999037015473572,
      499.0281094433501
    ],
    [
      0.0,
      0.0,
      0.0,
      1.0
    ]
  ],
  "vehicle_pose": [
    [
      -0.7321694600527605,
      -0.6810359284413952,
      -0.010860291801594174,
      12535.051245062883
    ],
    [
      0.6808047533443335,
      -0.7322218384279836,
      0.018869741728622443,
      -630.4769203534125
    ],
    [
      -0.02080311490642937,
      0.006422110331548729,
      0.9997629653618298,
      -432.654
    ],
    [
      0.0,
      0.0,
      0.0,
      1.0
    ]
  ],
  "pose_xyyaw": {
    "x": 12535.051245062883,
    "y": -630.4769203534125,
    "yaw_deg": 137.08191030253425
  },
  "preprocess": {
    "grayscale": true,
    "clahe": {
      "enabled": true,
      "clip_limit": 2.0,
      "tile_grid": 8
    }
  }
}