{
  "segment_id": "segment-15832924468527961_1564_160_1584_160_with_camera_labels",
  "frame_index": 10,
  "timestamp_us": 1507678827877676,
  "camera_name": "FRONT",
  "image_path": "/home/wakamatsu/ITS/waymo_outputs/cam_gray_test/training/segment-15832924468527961_1564_160_1584_160_with_camera_labels/FRONT/0010_cam.png",
  "image_path_raw": "/home/wakamatsu/ITS/waymo_outputs/cam_gray_test/training/segment-15832924468527961_1564_160_1584_160_with_camera_labels/FRONT/0010_cam_raw.png",
  "width": 1920,
  "height": 1280,
  "intrinsic": [
    2084.2156571134137,
    2084.2156571134137,
    982.6994065605393,
    647.3422876254992
  ],
  "world_to_cam": [
    [
      -0.7291804438262344,
      0.6842269154927514,
      0.011375783781864551,
      9573.454494384267
    ],
    [
      -0.6843209808838546,
      -0.7290991251892208,
      -0.010920657968828048,
      8113.654710068399
    ],
    [
      0.0008218658865366291,
      -0.015747817740512725,
      0.9998756576559288,
      410.350326123193
    ],
    [
      0.0,
      0.0,
      0.0,
      1.0
    ]
  ],
  "vehicle_pose": [
    [
      -0.7268865009925247,
      -0.6867476429696967,
      -0.0036999392441226043,
      12533.897530170854
    ],
    [
      0.6866264388140438,
      -0.7268424118328762,
      0.015628239904466726,
      -629.4045108597586
    ],
    [
      -0.013421929681990666,
      0.00881948051380934,
      0.9998710259663884,
      -432.693
    ],
    [
      0.0,
      0.0,
      0.0,
      1.0
    ]
  ],
  "pose_xyyaw": {
    "x": 12533.897530170854,
    "y": -629.4045108597586,
    "yaw_deg": 136.63147298715026
  },
  "preprocess": {
    "grayscale": true,
    "clahe": {
      "enabled": true,
      "clip_limit": 2.0,
      "tile_grid": 8
    }
  }
}