{
  "segment_id": "segment-15832924468527961_1564_160_1584_160_with_camera_labels",
  "frame_index": 11,
  "timestamp_us": 1507678827977861,
  "camera_name": "FRONT",
  "image_path": "/home/wakamatsu/ITS/waymo_outputs/cam_gray_test/training/segment-15832924468527961_1564_160_1584_160_with_camera_labels/FRONT/0011_cam.png",
  "image_path_raw": "/home/wakamatsu/ITS/waymo_outputs/cam_gray_test/training/segment-15832924468527961_1564_160_1584_160_with_camera_labels/FRONT/0011_cam_raw.png",
  "width": 1920,
  "height": 1280,
  "intrinsic": [
    2084.2156571134137,
    2084.2156571134137,
    982.6994065605393,
    647.3422876254992
  ],
  "world_to_cam": [
    [
      -0.7238033106706063,
      0.6896994152312282,
      0.020578729114589345,
      9511.908524459266
    ],
    [
      -0.6899665828300489,
      -0.7237598434289927,
      -0.010853737488312112,
      8187.7973600233745
    ],
    [
      0.0074082413631807184,
      -0.02205460653336843,
      0.9997293195113179,
      323.824888647905
    ],
    [
      0.0,
      0.0,
      0.0,
      1.0
    ]
  ],
  "vehicle_pose": [
    [
      -0.721657383459455,
      -0.6922433363151903,
      0.0031279746909825905,
      12532.750662719622
    ],
    [
      0.6922375500540281,
      -0.7216090819095642,
      0.009354528359717933,
      -628.32219917146
    ],
    [
      -0.0042184349763899065,
      0.008916065996288105,
      0.9999513531034897,
      -432.721
    ],
    [
      0.0,
      0.0,
      0.0,
      1.0
    ]
  ],
  "pose_xyyaw": {
    "x": 12532.750662719622,
    "y": -628.32219917146,
    "yaw_deg": 136.19201861595164
  },
  "preprocess": {
    "grayscale": true,
    "clahe": {
      "enabled": true,
      "clip_limit": 2.0,
      "tile_grid": 8
    }
  }
}