{
  "segment_id": "segment-15832924468527961_1564_160_1584_160_with_camera_labels",
  "frame_index": 12,
  "timestamp_us": 1507678828078046,
  "camera_name": "FRONT",
  "image_path": "/home/wakamatsu/ITS/waymo_outputs/cam_gray_test/training/segment-15832924468527961_1564_160_1584_160_with_camera_labels/FRONT/0012_cam.png",
  "image_path_raw": "/home/wakamatsu/ITS/waymo_outputs/cam_gray_test/training/segment-15832924468527961_1564_160_1584_160_with_camera_labels/FRONT/0012_cam_raw.png",
  "width": 1920,
  "height": 1280,
  "intrinsic": [
    2084.2156571134137,
    2084.2156571134137,
    982.6994065605393,
    647.3422876254992
  ],
  "world_to_cam": [
    [
      -0.718153230007443,
      0.695418904716821,
      0.025465372416955758,
      9445.234274277766
    ],
    [
      -0.6958073449337114,
      -0.7181388166314725,
      -0.011348073997260214,
      8264.307090817696
    ],
    [
      0.010396007222772221,
      -0.02586864916468606,
      0.9996112924653353,
      283.98137778909904
    ],
    [
      0.0,
      0.0,
      0.0,
      1.0
    ]
  ],
  "vehicle_pose": [
    [
      -0.7160654535117628,
      -0.6980040781500086,
      0.006369707446200345,
      12531.61536840312
    ],
    [
      0.6980328186335677,
      -0.7160440820299343,
      0.005572853881596717,
      -627.2345852213604
    ],
    [
      0.0006711165848251493,
      0.008436792984622793,
      0.9999641844219543,
      -432.73
    ],
    [
      0.0,
      0.0,
      0.0,
      1.0
    ]
  ],
  "pose_xyyaw": {
    "x": 12531.61536840312,
    "y": -627.2345852213604,
    "yaw_deg": 135.73059835638225
  },
  "preprocess": {
    "grayscale": true,
    "clahe": {
      "enabled": true,
      "clip_limit": 2.0,
      "tile_grid": 8
    }
  }
}