{
  "segment_id": "segment-15832924468527961_1564_160_1584_160_with_camera_labels",
  "frame_index": 13,
  "timestamp_us": 1507678828178276,
  "camera_name": "FRONT",
  "image_path": "/home/wakamatsu/ITS/waymo_outputs/cam_gray_test/training/segment-15832924468527961_1564_160_1584_160_with_camera_labels/FRONT/0013_cam.png",
  "image_path_raw": "/home/wakamatsu/ITS/waymo_outputs/cam_gray_test/training/segment-15832924468527961_1564_160_1584_160_with_camera_labels/FRONT/0013_cam_raw.png",
  "width": 1920,
  "height": 1280,
  "intrinsic": [
    2084.2156571134137,
    2084.2156571134137,
    982.6994065605393,
    647.3422876254992
  ],
  "world_to_cam": [
    [
      -0.7127259021573902,
      0.7008894091988682,
      0.027853625738780304,
      9380.119307012374
    ],
    [
      -0.7013673291824143,
      -0.7126691942922239,
      -0.013656099823866194,
      8336.406130598338
    ],
    [
      0.010279005275863368,
      -0.029268679159371314,
      0.9995187274237558,
      283.3194679163212
    ],
    [
      0.0,
      0.0,
      0.0,
      1.0
    ]
  ],
  "vehicle_pose": [
    [
      -0.7106199695697513,
      -0.7035460509029121,
      0.006497161503535739,
      12530.49241484297
    ],
    [
      0.7035693615340727,
      -0.710623181109905,
      0.00220181283869045,
      -626.1413879289748
    ],
    [
      0.0030679568483393833,
      0.00613585594325489,
      0.9999764691794605,
      -432.731
    ],
    [
      0.0,
      0.0,
      0.0,
      1.0
    ]
  ],
  "pose_xyyaw": {
    "x": 12530.49241484297,
    "y": -626.1413879289748,
    "yaw_deg": 135.28565251309095
  },
  "preprocess": {
    "grayscale": true,
    "clahe": {
      "enabled": true,
      "clip_limit": 2.0,
      "tile_grid": 8
    }
  }
}