{
  "segment_id": "segment-15832924468527961_1564_160_1584_160_with_camera_labels",
  "frame_index": 14,
  "timestamp_us": 1507678828278462,
  "camera_name": "FRONT",
  "image_path": "/home/wakamatsu/ITS/waymo_outputs/cam_gray_test/training/segment-15832924468527961_1564_160_1584_160_with_camera_labels/FRONT/0014_cam.png",
  "image_path_raw": "/home/wakamatsu/ITS/waymo_outputs/cam_gray_test/training/segment-15832924468527961_1564_160_1584_160_with_camera_labels/FRONT/0014_cam_raw.png",
  "width": 1920,
  "height": 1280,
  "intrinsic": [
    2084.2156571134137,
    2084.2156571134137,
    982.6994065605393,
    647.3422876254992
  ],
  "world_to_cam": [
    [
      -0.7075462122553903,
      0.7059909590112762,
      0.030905069444817888,
      9318.1647324035
    ],
    [
      -0.7066084722182469,
      -0.7073738536540285,
      -0.018074793388711707,
      8403.47518473683
    ],
    [
      0.009100797352198941,
      -0.034626535503683324,
      0.999358883748259,
      294.7032961443279
    ],
    [
      0.0,
      0.0,
      0.0,
      1.0
    ]
  ],
  "vehicle_pose": [
    [
      -0.7053966677426309,
      -0.7087910284110354,
      0.005551502645170934,
      12529.378462374601
    ],
    [
      0.7087862104013236,
      -0.70541640186533,
      -0.0031317605754305226,
      -625.0408655111012
    ],
    [
      0.006135884819898878,
      0.0017256950478271957,
      0.9999796862407151,
      -432.72700000000003
    ],
    [
      0.0,
      0.0,
      0.0,
      1.0
    ]
  ],
  "pose_xyyaw": {
    "x": 12529.378462374601,
    "y": -625.0408655111012,
    "yaw_deg": 134.8626725581704
  },
  "preprocess": {
    "grayscale": true,
    "clahe": {
      "enabled": true,
      "clip_limit": 2.0,
      "tile_grid": 8
    }
  }
}