{
  "segment_id": "segment-15832924468527961_1564_160_1584_160_with_camera_labels",
  "frame_index": 15,
  "timestamp_us": 1507678828378682,
  "camera_name": "FRONT",
  "image_path": "/home/wakamatsu/ITS/waymo_outputs/cam_gray_test/training/segment-15832924468527961_1564_160_1584_160_with_camera_labels/FRONT/0015_cam.png",
  "image_path_raw": "/home/wakamatsu/ITS/waymo_outputs/cam_gray_test/training/segment-15832924468527961_1564_160_1584_160_with_camera_labels/FRONT/0015_cam_raw.png",
  "width": 1920,
  "height": 1280,
  "intrinsic": [
    2084.2156571134137,
    2084.2156571134137,
    982.6994065605393,
    647.3422876254992
  ],
  "world_to_cam": [
    [
      -0.7021727549424142,
      0.7113484872315827,
      0.030606403413656197,
      9252.497047747916
    ],
    [
      -0.7119780761209532,
      -0.7018804774216083,
      -0.02123710285140726,
      8472.808733598313
    ],
    [
      0.006375056053605272,
      -0.03670320323560475,
      0.9993058758621203,
      327.57080345368405
    ],
    [
      0.0,
      0.0,
      0.0,
      1.0
    ]
  ],
  "vehicle_pose": [
    [
      -0.6999408414616632,
      -0.7141942421175045,
      0.003066427912427048,
      12528.275405170474
    ],
    [
      0.714176880196442,
      -0.6999460810995681,
      -0.005183372090988786,
      -623.9356910743256
    ],
    [
      0.005848268702414403,
      -0.001438081903131155,
      0.999981864672367,
      -432.716
    ],
    [
      0.0,
      0.0,
      0.0,
      1.0
    ]
  ],
  "pose_xyyaw": {
    "x": 12528.275405170474,
    "y": -623.9356910743256,
    "yaw_deg": 134.42321818697178
  },
  "preprocess": {
    "grayscale": true,
    "clahe": {
      "enabled": true,
      "clip_limit": 2.0,
      "tile_grid": 8
    }
  }
}