{
  "segment_id": "segment-15832924468527961_1564_160_1584_160_with_camera_labels",
  "frame_index": 16,
  "timestamp_us": 1507678828478837,
  "camera_name": "FRONT",
  "image_path": "/home/wakamatsu/ITS/waymo_outputs/cam_gray_test/training/segment-15832924468527961_1564_160_1584_160_with_camera_labels/FRONT/0016_cam.png",
  "image_path_raw": "/home/wakamatsu/ITS/waymo_outputs/cam_gray_test/training/segment-15832924468527961_1564_160_1584_160_with_camera_labels/FRONT/0016_cam_raw.png",
  "width": 1920,
  "height": 1280,
  "intrinsic": [
    2084.2156571134137,
    2084.2156571134137,
    982.6994065605393,
    647.3422876254992
  ],
  "world_to_cam": [
    [
      -0.6965792877919571,
      0.7169102004758179,
      0.028584266178663244,
      9183.45837753199
    ],
    [
      -0.7174745340705844,
      -0.6961740942147653,
      -0.02391492221290472,
      8544.061489786556
    ],
    [
      0.002754773937707521,
      -0.03716712254095119,
      0.9993052667841686,
      372.67027260265104
    ],
    [
      0.0,
      0.0,
      0.0,
      1.0
    ]
  ],
  "vehicle_pose": [
    [
      -0.694242475564471,
      -0.7197411286227828,
      -0.000304780113380935,
      12527.18330068931
    ],
    [
      0.7197309763629303,
      -0.6942303022077468,
      -0.005622202433522575,
      -622.8250055841338
    ],
    [
      0.0038349427346299368,
      -0.004122531424152971,
      0.9999841488488099,
      -432.705
    ],
    [
      0.0,
      0.0,
      0.0,
      1.0
    ]
  ],
  "pose_xyyaw": {
    "x": 12527.18330068931,
    "y": -622.8250055841338,
    "yaw_deg": 133.9672893994951
  },
  "preprocess": {
    "grayscale": true,
    "clahe": {
      "enabled": true,
      "clip_limit": 2.0,
      "tile_grid": 8
    }
  }
}