{
  "segment_id": "segment-15832924468527961_1564_160_1584_160_with_camera_labels",
  "frame_index": 17,
  "timestamp_us": 1507678828579061,
  "camera_name": "FRONT",
  "image_path": "/home/wakamatsu/ITS/waymo_outputs/cam_gray_test/training/segment-15832924468527961_1564_160_1584_160_with_camera_labels/FRONT/0017_cam.png",
  "image_path_raw": "/home/wakamatsu/ITS/waymo_outputs/cam_gray_test/training/segment-15832924468527961_1564_160_1584_160_with_camera_labels/FRONT/0017_cam_raw.png",
  "width": 1920,
  "height": 1280,
  "intrinsic": [
    2084.2156571134137,
    2084.2156571134137,
    982.6994065605393,
    647.3422876254992
  ],
  "world_to_cam": [
    [
      -0.6909688369142892,
      0.7223345693916439,
      0.028192840848394584,
      9114.828755709032
    ],
    [
      -0.7228842963643312,
      -0.6904752966070733,
      -0.026118170786259682,
      8614.415745317214
    ],
    [
      0.0006004024988009595,
      -0.0384270040097139,
      0.9992612295489489,
      398.8923377253062
    ],
    [
      0.0,
      0.0,
      0.0,
      1.0
    ]
  ],
  "vehicle_pose": [
    [
      -0.6885637948871403,
      -0.7251723980868573,
      -0.00221210840076837,
      12526.100625638335
    ],
    [
      0.7251675584745975,
      -0.6885382739136818,
      -0.006859846350976483,
      -621.7074177819081
    ],
    [
      0.0034514499288699854,
      -0.006327591083837413,
      0.999974024204861,
      -432.699
    ],
    [
      0.0,
      0.0,
      0.0,
      1.0
    ]
  ],
  "pose_xyyaw": {
    "x": 12526.100625638335,
    "y": -621.7074177819081,
    "yaw_deg": 133.51685208411106
  },
  "preprocess": {
    "grayscale": true,
    "clahe": {
      "enabled": true,
      "clip_limit": 2.0,
      "tile_grid": 8
    }
  }
}