{
  "segment_id": "segment-15832924468527961_1564_160_1584_160_with_camera_labels",
  "frame_index": 18,
  "timestamp_us": 1507678828679211,
  "camera_name": "FRONT",
  "image_path": "/home/wakamatsu/ITS/waymo_outputs/cam_gray_test/training/segment-15832924468527961_1564_160_1584_160_with_camera_labels/FRONT/0018_cam.png",
  "image_path_raw": "/home/wakamatsu/ITS/waymo_outputs/cam_gray_test/training/segment-15832924468527961_1564_160_1584_160_with_camera_labels/FRONT/0018_cam_raw.png",
  "width": 1920,
  "height": 1280,
  "intrinsic": [
    2084.2156571134137,
    2084.2156571134137,
    982.6994065605393,
    647.3422876254992
  ],
  "world_to_cam": [
    [
      -0.6851053411339127,
      0.7278642567148074,
      0.02905676077587368,
      9043.638420727535
    ],
    [
      -0.7284430841407126,
      -0.6846227149698085,
      -0.025737352523821533,
      8687.838303802939
    ],
    [
      0.0011596194860485423,
      -0.03879899411543281,
      0.9992463626845375,
      391.6897718900221
    ],
    [
      0.0,
      0.0,
      0.0,
      1.0
    ]
  ],
  "vehicle_pose": [
    [
      -0.6826990740469963,
      -0.7306983097694733,
      -0.0013979969272738969,
      12525.02723068459
    ],
    [
      0.7306869104098989,
      -0.6826746281719643,
      -0.00721047889578607,
      -620.5812080158732
    ],
    [
      0.004314307709267083,
      -0.0059440853211408535,
      0.9999730269355692,
      -432.694
    ],
    [
      0.0,
      0.0,
      0.0,
      1.0
    ]
  ],
  "pose_xyyaw": {
    "x": 12525.02723068459,
    "y": -620.5812080158732,
    "yaw_deg": 133.05541816416334
  },
  "preprocess": {
    "grayscale": true,
    "clahe": {
      "enabled": true,
      "clip_limit": 2.0,
      "tile_grid": 8
    }
  }
}