{
  "segment_id": "segment-15832924468527961_1564_160_1584_160_with_camera_labels",
  "frame_index": 19,
  "timestamp_us": 1507678828779359,
  "camera_name": "FRONT",
  "image_path": "/home/wakamatsu/ITS/waymo_outputs/cam_gray_test/training/segment-15832924468527961_1564_160_1584_160_with_camera_labels/FRONT/0019_cam.png",
  "image_path_raw": "/home/wakamatsu/ITS/waymo_outputs/cam_gray_test/training/segment-15832924468527961_1564_160_1584_160_with_camera_labels/FRONT/0019_cam_raw.png",
  "width": 1920,
  "height": 1280,
  "intrinsic": [
    2084.2156571134137,
    2084.2156571134137,
    982.6994065605393,
    647.3422876254992
  ],
  "world_to_cam": [
    [
      -0.6791334208076982,
      0.7334317701139822,
      0.029251244922302477,
      8970.823717609923
    ],
    [
      -0.734013237597553,
      -0.6786759219717398,
      -0.024971182738648918,
      8761.615829520397
    ],
    [
      0.0015374568586178142,
      -0.03842956574409101,
      0.9992601286467545,
      387.23082416964917
    ],
    [
      0.0,
      0.0,
      0.0,
      1.0
    ]
  ],
  "vehicle_pose": [
    [
      -0.6767214241946629,
      -0.7362387744405183,
      -0.0007622639115229786,
      12523.96287529099
    ],
    [
      0.7362253795663489,
      -0.676702050052531,
      -0.006820992382876804,
      -619.4462140297214
    ],
    [
      0.004506053520828668,
      -0.005177109717352073,
      0.999976446230931,
      -432.687
    ],
    [
      0.0,
      0.0,
      0.0,
      1.0
    ]
  ],
  "pose_xyyaw": {
    "x": 12523.96287529099,
    "y": -619.4462140297214,
    "yaw_deg": 132.58850643250128
  },
  "preprocess": {
    "grayscale": true,
    "clahe": {
      "enabled": true,
      "clip_limit": 2.0,
      "tile_grid": 8
    }
  }
}