{
  "segment_id": "segment-15832924468527961_1564_160_1584_160_with_camera_labels",
  "frame_index": 20,
  "timestamp_us": 1507678828879508,
  "camera_name": "FRONT",
  "image_path": "/home/wakamatsu/ITS/waymo_outputs/cam_gray_test/training/segment-15832924468527961_1564_160_1584_160_with_camera_labels/FRONT/0020_cam.png",
  "image_path_raw": "/home/wakamatsu/ITS/waymo_outputs/cam_gray_test/training/segment-15832924468527961_1564_160_1584_160_with_camera_labels/FRONT/0020_cam_raw.png",
  "width": 1920,
  "height": 1280,
  "intrinsic": [
    2084.2156571134137,
    2084.2156571134137,
    982.6994065605393,
    647.3422876254992
  ],
  "world_to_cam": [
    [
      -0.672904627728603,
      0.7391840530242257,
      0.028395382302568113,
      8894.453075741336
    ],
    [
      -0.7397265835760076,
      -0.6725093091103036,
      -0.023147585423750682,
      8837.766768986812
    ],
    [
      0.001985832922970511,
      -0.03658093649239833,
      0.9993287204683658,
      382.82707467024517
    ],
    [
      0.0,
      0.0,
      0.0,
      1.0
    ]
  ],
  "vehicle_pose": [
    [
      -0.6704882969779932,
      -0.741920104473641,
      -4.683345205029133e-05,
      12522.908180479353
    ],
    [
      0.7419111609455346,
      -0.6704799018845262,
      -0.004952820748357439,
      -618.3037786121266
    ],
    [
      0.0036431963987249745,
      -0.003355554609585167,
      0.999987733611399,
      -432.68
    ],
    [
      0.0,
      0.0,
      0.0,
      1.0
    ]
  ],
  "pose_xyyaw": {
    "x": 12522.908180479353,
    "y": -618.3037786121266,
    "yaw_deg": 132.1051066241828
  },
  "preprocess": {
    "grayscale": true,
    "clahe": {
      "enabled": true,
      "clip_limit": 2.0,
      "tile_grid": 8
    }
  }
}