{
  "segment_id": "segment-15832924468527961_1564_160_1584_160_with_camera_labels",
  "frame_index": 21,
  "timestamp_us": 1507678828979653,
  "camera_name": "FRONT",
  "image_path": "/home/wakamatsu/ITS/waymo_outputs/cam_gray_test/training/segment-15832924468527961_1564_160_1584_160_with_camera_labels/FRONT/0021_cam.png",
  "image_path_raw": "/home/wakamatsu/ITS/waymo_outputs/cam_gray_test/training/segment-15832924468527961_1564_160_1584_160_with_camera_labels/FRONT/0021_cam_raw.png",
  "width": 1920,
  "height": 1280,
  "intrinsic": [
    2084.2156571134137,
    2084.2156571134137,
    982.6994065605393,
    647.3422876254992
  ],
  "world_to_cam": [
    [
      -0.6666962088939968,
      0.7447919613967505,
      0.028303697376030213,
      8818.57819953487
    ],
    [
      -0.7453254535902194,
      -0.666337823410151,
      -0.021997120801505905,
      8912.183844127689
    ],
    [
      0.0024765453571687383,
      -0.035760863130017286,
      0.9993573071686073,
      377.2401570790737
    ],
    [
      0.0,
      0.0,
      0.0,
      1.0
    ]
  ],
  "vehicle_pose": [
    [
      -0.6642769378410595,
      -0.747486219529178,
      0.0007081429817318622,
      12521.863307891215
    ],
    [
      0.7474781377075593,
      -0.664273655377605,
      -0.004116360104984494,
      -617.1512637754015
    ],
    [
      0.00354732318010061,
      -0.0022050816883745915,
      0.9999912770184566,
      -432.675
    ],
    [
      0.0,
      0.0,
      0.0,
      1.0
    ]
  ],
  "pose_xyyaw": {
    "x": 12521.863307891215,
    "y": -617.1512637754015,
    "yaw_deg": 131.62719828795701
  },
  "preprocess": {
    "grayscale": true,
    "clahe": {
      "enabled": true,
      "clip_limit": 2.0,
      "tile_grid": 8
    }
  }
}