{
  "segment_id": "segment-15832924468527961_1564_160_1584_160_with_camera_labels",
  "frame_index": 22,
  "timestamp_us": 1507678829079800,
  "camera_name": "FRONT",
  "image_path": "/home/wakamatsu/ITS/waymo_outputs/cam_gray_test/training/segment-15832924468527961_1564_160_1584_160_with_camera_labels/FRONT/0022_cam.png",
  "image_path_raw": "/home/wakamatsu/ITS/waymo_outputs/cam_gray_test/training/segment-15832924468527961_1564_160_1584_160_with_camera_labels/FRONT/0022_cam_raw.png",
  "width": 1920,
  "height": 1280,
  "intrinsic": [
    2084.2156571134137,
    2084.2156571134137,
    982.6994065605393,
    647.3422876254992
  ],
  "world_to_cam": [
    [
      -0.6600398612972892,
      0.7506972754917368,
      0.028301626595277525,
      8737.31547986487
    ],
    [
      -0.751228598902685,
      -0.6596560371280852,
      -0.022572214582962505,
      8989.965641220033
    ],
    [
      0.0017244388548747845,
      -0.036159552676348516,
      0.9993445417176612,
      386.4441729738949
    ],
    [
      0.0,
      0.0,
      0.0,
      1.0
    ]
  ],
  "vehicle_pose": [
    [
      -0.6575860027003568,
      -0.7533794478155332,
      0.0002380372416248941,
      12520.827359423023
    ],
    [
      0.7533711340042318,
      -0.6575801680670016,
      -0.004500779282708745,
      -615.989032405532
    ],
    [
      0.00354732318010061,
      -0.002780319070894838,
      0.9999898431104787,
      -432.669
    ],
    [
      0.0,
      0.0,
      0.0,
      1.0
    ]
  ],
  "pose_xyyaw": {
    "x": 12520.827359423023,
    "y": -615.989032405532,
    "yaw_deg": 131.11634111917508
  },
  "preprocess": {
    "grayscale": true,
    "clahe": {
      "enabled": true,
      "clip_limit": 2.0,
      "tile_grid": 8
    }
  }
}