{
  "segment_id": "segment-15832924468527961_1564_160_1584_160_with_camera_labels",
  "frame_index": 23,
  "timestamp_us": 1507678829179908,
  "camera_name": "FRONT",
  "image_path": "/home/wakamatsu/ITS/waymo_outputs/cam_gray_test/training/segment-15832924468527961_1564_160_1584_160_with_camera_labels/FRONT/0023_cam.png",
  "image_path_raw": "/home/wakamatsu/ITS/waymo_outputs/cam_gray_test/training/segment-15832924468527961_1564_160_1584_160_with_camera_labels/FRONT/0023_cam_raw.png",
  "width": 1920,
  "height": 1280,
  "intrinsic": [
    2084.2156571134137,
    2084.2156571134137,
    982.6994065605393,
    647.3422876254992
  ],
  "world_to_cam": [
    [
      -0.6529732242058817,
      0.7568837850542127,
      0.02743910334147135,
      8650.715484054663
    ],
    [
      -0.7573805450182526,
      -0.6525835740806862,
      -0.02256964483398455,
      9071.33762356273
    ],
    [
      0.0008237099188711915,
      -0.035519216800004236,
      0.999368654071101,
      398.16337944671926
    ],
    [
      0.0,
      0.0,
      0.0,
      1.0
    ]
  ],
  "vehicle_pose": [
    [
      -0.6504804576371588,
      -0.7595229032869367,
      -0.000365533493588229,
      12519.80037627153
    ],
    [
      0.7595182472389023,
      -0.6504746183878966,
      -0.0038474594560774845,
      -614.8174779001939
    ],
    [
      0.002684463316608952,
      -0.0027803265460869405,
      0.9999925316926116,
      -432.663
    ],
    [
      0.0,
      0.0,
      0.0,
      1.0
    ]
  ],
  "pose_xyyaw": {
    "x": 12519.80037627153,
    "y": -614.8174779001939,
    "yaw_deg": 130.57801292955136
  },
  "preprocess": {
    "grayscale": true,
    "clahe": {
      "enabled": true,
      "clip_limit": 2.0,
      "tile_grid": 8
    }
  }
}