{
  "segment_id": "segment-15832924468527961_1564_160_1584_160_with_camera_labels",
  "frame_index": 24,
  "timestamp_us": 1507678829280022,
  "camera_name": "FRONT",
  "image_path": "/home/wakamatsu/ITS/waymo_outputs/cam_gray_test/training/segment-15832924468527961_1564_160_1584_160_with_camera_labels/FRONT/0024_cam.png",
  "image_path_raw": "/home/wakamatsu/ITS/waymo_outputs/cam_gray_test/training/segment-15832924468527961_1564_160_1584_160_with_camera_labels/FRONT/0024_cam_raw.png",
  "width": 1920,
  "height": 1280,
  "intrinsic": [
    2084.2156571134137,
    2084.2156571134137,
    982.6994065605393,
    647.3422876254992
  ],
  "world_to_cam": [
    [
      -0.6456612099654704,
      0.763191044747389,
      0.02571052631342859,
      8560.742303317853
    ],
    [
      -0.7636227757663249,
      -0.6452340102046338,
      -0.023522933621890705,
      9153.582469840541
    ],
    [
      -0.0013631862887289673,
      -0.03482098925412087,
      0.9993926357695994,
      426.0163214665466
    ],
    [
      0.0,
      0.0,
      0.0,
      1.0
    ]
  ],
  "vehicle_pose": [
    [
      -0.6430974007732883,
      -0.7657810948159101,
      -0.002246762378787654,
      12518.784596205352
    ],
    [
      0.7657837905964745,
      -0.6430904556857019,
      -0.00313876817415344,
      -613.6354144716356
    ],
    [
      0.0009587378867845129,
      -0.0037390678654255585,
      0.9999925500688303,
      -432.657
    ],
    [
      0.0,
      0.0,
      0.0,
      1.0
    ]
  ],
  "pose_xyyaw": {
    "x": 12518.784596205352,
    "y": -613.6354144716356,
    "yaw_deg": 130.02319666327122
  },
  "preprocess": {
    "grayscale": true,
    "clahe": {
      "enabled": true,
      "clip_limit": 2.0,
      "tile_grid": 8
    }
  }
}