{
  "segment_id": "segment-15832924468527961_1564_160_1584_160_with_camera_labels",
  "frame_index": 25,
  "timestamp_us": 1507678829380121,
  "camera_name": "FRONT",
  "image_path": "/home/wakamatsu/ITS/waymo_outputs/cam_gray_test/training/segment-15832924468527961_1564_160_1584_160_with_camera_labels/FRONT/0025_cam.png",
  "image_path_raw": "/home/wakamatsu/ITS/waymo_outputs/cam_gray_test/training/segment-15832924468527961_1564_160_1584_160_with_camera_labels/FRONT/0025_cam_raw.png",
  "width": 1920,
  "height": 1280,
  "intrinsic": [
    2084.2156571134137,
    2084.2156571134137,
    982.6994065605393,
    647.3422876254992
  ],
  "world_to_cam": [
    [
      -0.6382550906907308,
      0.7694019331043284,
      0.02551675023763465,
      8470.192803812977
    ],
    [
      -0.7698216058301587,
      -0.6378040522531263,
      -0.024097429874727797,
      9235.481135066633
    ],
    [
      -0.002265922426567258,
      -0.035023652933610906,
      0.9993839148849368,
      437.22687318097024
    ],
    [
      0.0,
      0.0,
      0.0,
      1.0
    ]
  ],
  "vehicle_pose": [
    [
      -0.635652287011106,
      -0.7719702632507786,
      -0.002843004409773645,
      12517.777508617695
    ],
    [
      0.7719751173084327,
      -0.6356440036816701,
      -0.0033344924903708295,
      -612.4417077319997
    ],
    [
      0.0007669903400861504,
      -0.004314306440268978,
      0.9999903991967911,
      -432.65500000000003
    ],
    [
      0.0,
      0.0,
      0.0,
      1.0
    ]
  ],
  "pose_xyyaw": {
    "x": 12517.777508617695,
    "y": -612.4417077319997,
    "yaw_deg": 129.4683940573694
  },
  "preprocess": {
    "grayscale": true,
    "clahe": {
      "enabled": true,
      "clip_limit": 2.0,
      "tile_grid": 8
    }
  }
}