{
  "segment_id": "segment-15832924468527961_1564_160_1584_160_with_camera_labels",
  "frame_index": 26,
  "timestamp_us": 1507678829480196,
  "camera_name": "FRONT",
  "image_path": "/home/wakamatsu/ITS/waymo_outputs/cam_gray_test/training/segment-15832924468527961_1564_160_1584_160_with_camera_labels/FRONT/0026_cam.png",
  "image_path_raw": "/home/wakamatsu/ITS/waymo_outputs/cam_gray_test/training/segment-15832924468527961_1564_160_1584_160_with_camera_labels/FRONT/0026_cam_raw.png",
  "width": 1920,
  "height": 1280,
  "intrinsic": [
    2084.2156571134137,
    2084.2156571134137,
    982.6994065605393,
    647.3422876254992
  ],
  "world_to_cam": [
    [
      -0.6307298645530675,
      0.7755206866623418,
      0.027340492307918667,
      8378.96511758815
    ],
    [
      -0.7760019908226934,
      -0.6302986076282514,
      -0.023336140664300942,
      9317.757940725982
    ],
    [
      -0.0008649855984756072,
      -0.03593507730140329,
      0.9993537521915135,
      419.16250518998254
    ],
    [
      0.0,
      0.0,
      0.0,
      1.0
    ]
  ],
  "vehicle_pose": [
    [
      -0.628145361317922,
      -0.7780951861870183,
      -0.001134146095764026,
      12516.779659635664
    ],
    [
      0.7780917068428146,
      -0.6281363688047084,
      -0.0042423964065909335,
      -611.2352087455729
    ],
    [
      0.002588589811578258,
      -0.0035473112951340613,
      0.9999903578461958,
      -432.656
    ],
    [
      0.0,
      0.0,
      0.0,
      1.0
    ]
  ],
  "pose_xyyaw": {
    "x": 12516.779659635664,
    "y": -611.2352087455729,
    "yaw_deg": 128.9135777910893
  },
  "preprocess": {
    "grayscale": true,
    "clahe": {
      "enabled": true,
      "clip_limit": 2.0,
      "tile_grid": 8
    }
  }
}