{
  "segment_id": "segment-15832924468527961_1564_160_1584_160_with_camera_labels",
  "frame_index": 27,
  "timestamp_us": 1507678829580274,
  "camera_name": "FRONT",
  "image_path": "/home/wakamatsu/ITS/waymo_outputs/cam_gray_test/training/segment-15832924468527961_1564_160_1584_160_with_camera_labels/FRONT/0027_cam.png",
  "image_path_raw": "/home/wakamatsu/ITS/waymo_outputs/cam_gray_test/training/segment-15832924468527961_1564_160_1584_160_with_camera_labels/FRONT/0027_cam_raw.png",
  "width": 1920,
  "height": 1280,
  "intrinsic": [
    2084.2156571134137,
    2084.2156571134137,
    982.6994065605393,
    647.3422876254992
  ],
  "world_to_cam": [
    [
      -0.6232268179836694,
      0.7814864541585166,
      0.02944919884647369,
      8288.042450072082
    ],
    [
      -0.7820411134365448,
      -0.6227931398497726,
      -0.023246544925879634,
      9397.961639242478
    ],
    [
      0.0001738990500933235,
      -0.03751835447898088,
      0.9992959235563357,
      405.20912954266157
    ],
    [
      0.0,
      0.0,
      0.0,
      1.0
    ]
  ],
  "vehicle_pose": [
    [
      -0.6206520489381638,
      -0.7840860860003502,
      0.00020949823466810246,
      12515.792535667773
    ],
    [
      0.7840720405880114,
      -0.6206424876665637,
      -0.00582560479358794,
      -610.0167256537687
    ],
    [
      0.004697799166715411,
      -0.003451411843088539,
      0.9999830090752935,
      -432.653
    ],
    [
      0.0,
      0.0,
      0.0,
      1.0
    ]
  ],
  "pose_xyyaw": {
    "x": 12515.792535667773,
    "y": -610.0167256537687,
    "yaw_deg": 128.36426665728018
  },
  "preprocess": {
    "grayscale": true,
    "clahe": {
      "enabled": true,
      "clip_limit": 2.0,
      "tile_grid": 8
    }
  }
}