{
  "segment_id": "segment-15832924468527961_1564_160_1584_160_with_camera_labels",
  "frame_index": 28,
  "timestamp_us": 1507678829680373,
  "camera_name": "FRONT",
  "image_path": "/home/wakamatsu/ITS/waymo_outputs/cam_gray_test/training/segment-15832924468527961_1564_160_1584_160_with_camera_labels/FRONT/0028_cam.png",
  "image_path_raw": "/home/wakamatsu/ITS/waymo_outputs/cam_gray_test/training/segment-15832924468527961_1564_160_1584_160_with_camera_labels/FRONT/0028_cam_raw.png",
  "width": 1920,
  "height": 1280,
  "intrinsic": [
    2084.2156571134137,
    2084.2156571134137,
    982.6994065605393,
    647.3422876254992
  ],
  "world_to_cam": [
    [
      -0.6157026691708002,
      0.7874100452023884,
      0.029927310108405207,
      8196.124042641744
    ],
    [
      -0.7879785586943127,
      -0.6152526893853755,
      -0.023535488992077896,
      9476.73420273378
    ],
    [
      -0.00011922242084594049,
      -0.03807294207748122,
      0.9992749555890907,
      408.57002341636667
    ],
    [
      0.0,
      0.0,
      0.0,
      1.0
    ]
  ],
  "vehicle_pose": [
    [
      -0.6131048764597987,
      -0.790001494885708,
      0.000220316957078501,
      12514.815999534447
    ],
    [
      0.7899845615276082,
      -0.6130935147363058,
      -0.006382377011413443,
      -608.7891538487555
    ],
    [
      0.005177162277512064,
      -0.0037390194743677414,
      0.9999796081541475,
      -432.646
    ],
    [
      0.0,
      0.0,
      0.0,
      1.0
    ]
  ],
  "pose_xyyaw": {
    "x": 12514.815999534447,
    "y": -608.7891538487555,
    "yaw_deg": 127.81494186309273
  },
  "preprocess": {
    "grayscale": true,
    "clahe": {
      "enabled": true,
      "clip_limit": 2.0,
      "tile_grid": 8
    }
  }
}