{
  "segment_id": "segment-15832924468527961_1564_160_1584_160_with_camera_labels",
  "frame_index": 29,
  "timestamp_us": 1507678829780484,
  "camera_name": "FRONT",
  "image_path": "/home/wakamatsu/ITS/waymo_outputs/cam_gray_test/training/segment-15832924468527961_1564_160_1584_160_with_camera_labels/FRONT/0029_cam.png",
  "image_path_raw": "/home/wakamatsu/ITS/waymo_outputs/cam_gray_test/training/segment-15832924468527961_1564_160_1584_160_with_camera_labels/FRONT/0029_cam_raw.png",
  "width": 1920,
  "height": 1280,
  "intrinsic": [
    2084.2156571134137,
    2084.2156571134137,
    982.6994065605393,
    647.3422876254992
  ],
  "world_to_cam": [
    [
      -0.6080799449857969,
      0.7933712967572013,
      0.02829780888809641,
      8102.083432058184
    ],
    [
      -0.7938742830701196,
      -0.6076227526830988,
      -0.023626533848990106,
      9555.110764267194
    ],
    [
      -0.001550221266165789,
      -0.03683172414659176,
      0.9993202794451913,
      427.2880408324423
    ],
    [
      0.0,
      0.0,
      0.0,
      1.0
    ]
  ],
  "vehicle_pose": [
    [
      -0.6054310325453118,
      -0.795897258830029,
      -0.0009045540134610926,
      12513.852422136864
    ],
    [
      0.7958898675880812,
      -0.6054195626060747,
      -0.0051450835266142175,
      -607.5519613349521
    ],
    [
      0.00354732318010061,
      -0.003834918606049736,
      0.9999863548556754,
      -432.636
    ],
    [
      0.0,
      0.0,
      0.0,
      1.0
    ]
  ],
  "pose_xyyaw": {
    "x": 12513.852422136864,
    "y": -607.5519613349521,
    "yaw_deg": 127.26013925719094
  },
  "preprocess": {
    "grayscale": true,
    "clahe": {
      "enabled": true,
      "clip_limit": 2.0,
      "tile_grid": 8
    }
  }
}