{
  "segment_id": "segment-15832924468527961_1564_160_1584_160_with_camera_labels",
  "frame_index": 30,
  "timestamp_us": 1507678829880588,
  "camera_name": "FRONT",
  "image_path": "/home/wakamatsu/ITS/waymo_outputs/cam_gray_test/training/segment-15832924468527961_1564_160_1584_160_with_camera_labels/FRONT/0030_cam.png",
  "image_path_raw": "/home/wakamatsu/ITS/waymo_outputs/cam_gray_test/training/segment-15832924468527961_1564_160_1584_160_with_camera_labels/FRONT/0030_cam_raw.png",
  "width": 1920,
  "height": 1280,
  "intrinsic": [
    2084.2156571134137,
    2084.2156571134137,
    982.6994065605393,
    647.3422876254992
  ],
  "world_to_cam": [
    [
      -0.6004855293862673,
      0.7992221830219559,
      0.02571052631342859,
      8007.915063427223
    ],
    [
      -0.7996285092637183,
      -0.6000340980031914,
      -0.023522933621890705,
      9631.759929280533
    ],
    [
      -0.0033728578947026084,
      -0.03468405107705157,
      0.9993926357695994,
      451.465394258937
    ],
    [
      0.0,
      0.0,
      0.0,
      1.0
    ]
  ],
  "vehicle_pose": [
    [
      -0.5977761951358036,
      -0.8016593684213327,
      -0.00242436615874798,
      12512.899817588133
    ],
    [
      0.8016624609838147,
      -0.5977694174126071,
      -0.003003706970749917,
      -606.3055830079531
    ],
    [
      0.0009587378867845129,
      -0.0037390678654255585,
      0.9999925500688303,
      -432.629
    ],
    [
      0.0,
      0.0,
      0.0,
      1.0
    ]
  ],
  "pose_xyyaw": {
    "x": 12512.899817588133,
    "y": -606.3055830079531,
    "yaw_deg": 126.71081446300349
  },
  "preprocess": {
    "grayscale": true,
    "clahe": {
      "enabled": true,
      "clip_limit": 2.0,
      "tile_grid": 8
    }
  }
}