{
  "segment_id": "segment-15832924468527961_1564_160_1584_160_with_camera_labels",
  "frame_index": 31,
  "timestamp_us": 1507678829980705,
  "camera_name": "FRONT",
  "image_path": "/home/wakamatsu/ITS/waymo_outputs/cam_gray_test/training/segment-15832924468527961_1564_160_1584_160_with_camera_labels/FRONT/0031_cam.png",
  "image_path_raw": "/home/wakamatsu/ITS/waymo_outputs/cam_gray_test/training/segment-15832924468527961_1564_160_1584_160_with_camera_labels/FRONT/0031_cam_raw.png",
  "width": 1920,
  "height": 1280,
  "intrinsic": [
    2084.2156571134137,
    2084.2156571134137,
    982.6994065605393,
    647.3422876254992
  ],
  "world_to_cam": [
    [
      -0.5930223223875613,
      0.8047935206739606,
      0.025137904273720327,
      7916.087976820917
    ],
    [
      -0.8051784414799495,
      -0.5925922233503637,
      -0.022850256029020015,
      9705.995754535856
    ],
    [
      -0.0034932114139638675,
      -0.033791210482666124,
      0.9994228092094624,
      453.5639689211589
    ],
    [
      0.0,
      0.0,
      0.0,
      1.0
    ]
  ],
  "vehicle_pose": [
    [
      -0.5902954166428884,
      -0.8071841539603541,
      -0.002250041267663127,
      12511.957897582983
    ],
    [
      0.8071871988713843,
      -0.590291732313327,
      -0.0021205519800039747,
      -605.0477192410068
    ],
    [
      0.0003834951982431209,
      -0.0030679566227393663,
      0.9999952202753741,
      -432.628
    ],
    [
      0.0,
      0.0,
      0.0,
      1.0
    ]
  ],
  "pose_xyyaw": {
    "x": 12511.957897582983,
    "y": -605.0477192410068,
    "yaw_deg": 126.17797774547246
  },
  "preprocess": {
    "grayscale": true,
    "clahe": {
      "enabled": true,
      "clip_limit": 2.0,
      "tile_grid": 8
    }
  }
}