{
  "segment_id": "segment-15832924468527961_1564_160_1584_160_with_camera_labels",
  "frame_index": 32,
  "timestamp_us": 1507678830080815,
  "camera_name": "FRONT",
  "image_path": "/home/wakamatsu/ITS/waymo_outputs/cam_gray_test/training/segment-15832924468527961_1564_160_1584_160_with_camera_labels/FRONT/0032_cam.png",
  "image_path_raw": "/home/wakamatsu/ITS/waymo_outputs/cam_gray_test/training/segment-15832924468527961_1564_160_1584_160_with_camera_labels/FRONT/0032_cam_raw.png",
  "width": 1920,
  "height": 1280,
  "intrinsic": [
    2084.2156571134137,
    2084.2156571134137,
    982.6994065605393,
    647.3422876254992
  ],
  "world_to_cam": [
    [
      -0.5855053331415703,
      0.8102515251276097,
      0.02599944020862427,
      7824.137771734208
    ],
    [
      -0.8106608322026639,
      -0.585058575151782,
      -0.02314041429730489,
      9779.01121529759
    ],
    [
      -0.003538360533274358,
      -0.03462556381850421,
      0.9993940916050021,
      453.6522545669095
    ],
    [
      0.0,
      0.0,
      0.0,
      1.0
    ]
  ],
  "vehicle_pose": [
    [
      -0.5827629459989884,
      -0.8126397397091887,
      -0.002000553913831346,
      12511.02675517526
    ],
    [
      0.8126412464055406,
      -0.5827567190231994,
      -0.0029683452908023725,
      -603.7791736579297
    ],
    [
      0.0012463591094312608,
      -0.0033555742724476023,
      0.9999935933346136,
      -432.628
    ],
    [
      0.0,
      0.0,
      0.0,
      1.0
    ]
  ],
  "pose_xyyaw": {
    "x": 12511.02675517526,
    "y": -603.7791736579297,
    "yaw_deg": 125.64514102794142
  },
  "preprocess": {
    "grayscale": true,
    "clahe": {
      "enabled": true,
      "clip_limit": 2.0,
      "tile_grid": 8
    }
  }
}