{
  "segment_id": "segment-15832924468527961_1564_160_1584_160_with_camera_labels",
  "frame_index": 33,
  "timestamp_us": 1507678830180926,
  "camera_name": "FRONT",
  "image_path": "/home/wakamatsu/ITS/waymo_outputs/cam_gray_test/training/segment-15832924468527961_1564_160_1584_160_with_camera_labels/FRONT/0033_cam.png",
  "image_path_raw": "/home/wakamatsu/ITS/waymo_outputs/cam_gray_test/training/segment-15832924468527961_1564_160_1584_160_with_camera_labels/FRONT/0033_cam_raw.png",
  "width": 1920,
  "height": 1280,
  "intrinsic": [
    2084.2156571134137,
    2084.2156571134137,
    982.6994065605393,
    647.3422876254992
  ],
  "world_to_cam": [
    [
      -0.5782115634965865,
      0.8154316740854233,
      0.027250187835628555,
      7734.979744411696
    ],
    [
      -0.815884339075934,
      -0.5778039511956622,
      -0.021802275874486875,
      9849.309009295746
    ],
    [
      -0.00203300011295492,
      -0.03483932951313783,
      0.9993908584881172,
      434.72983024488326
    ],
    [
      0.0,
      0.0,
      0.0,
      1.0
    ]
  ],
  "vehicle_pose": [
    [
      -0.5754929142723335,
      -0.8178067379794066,
      -0.00021198542108539988,
      12510.106187312995
    ],
    [
      0.8178029664826794,
      -0.5754894315000966,
      -0.0031972243939696774,
      -602.5013910434345
    ],
    [
      0.002492716282753782,
      -0.0020133422902829253,
      0.999994866396001,
      -432.627
    ],
    [
      0.0,
      0.0,
      0.0,
      1.0
    ]
  ],
  "pose_xyyaw": {
    "x": 12510.106187312995,
    "y": -602.5013910434345,
    "yaw_deg": 125.13428385915948
  },
  "preprocess": {
    "grayscale": true,
    "clahe": {
      "enabled": true,
      "clip_limit": 2.0,
      "tile_grid": 8
    }
  }
}