{
  "segment_id": "segment-15832924468527961_1564_160_1584_160_with_camera_labels",
  "frame_index": 34,
  "timestamp_us": 1507678830281036,
  "camera_name": "FRONT",
  "image_path": "/home/wakamatsu/ITS/waymo_outputs/cam_gray_test/training/segment-15832924468527961_1564_160_1584_160_with_camera_labels/FRONT/0034_cam.png",
  "image_path_raw": "/home/wakamatsu/ITS/waymo_outputs/cam_gray_test/training/segment-15832924468527961_1564_160_1584_160_with_camera_labels/FRONT/0034_cam_raw.png",
  "width": 1920,
  "height": 1280,
  "intrinsic": [
    2084.2156571134137,
    2084.2156571134137,
    982.6994065605393,
    647.3422876254992
  ],
  "world_to_cam": [
    [
      -0.5711428317944373,
      0.8203950064893831,
      0.027347742450087156,
      7648.007608725627
    ],
    [
      -0.8208485322772383,
      -0.5707477582546844,
      -0.021323308972968948,
      9915.859360506549
    ],
    [
      -0.0018848735065402724,
      -0.03462700932129917,
      0.9993985278542926,
      433.04683467122294
    ],
    [
      0.0,
      0.0,
      0.0,
      1.0
    ]
  ],
  "vehicle_pose": [
    [
      -0.5684149397315721,
      -0.822742008451985,
      0.00020932832329140596,
      12509.198308297156
    ],
    [
      0.822737962836735,
      -0.5684129084114983,
      -0.0030016759386942283,
      -601.214775536286
    ],
    [
      0.002588589811578258,
      -0.001533975089517789,
      0.9999954730513594,
      -432.623
    ],
    [
      0.0,
      0.0,
      0.0,
      1.0
    ]
  ],
  "pose_xyyaw": {
    "x": 12509.198308297156,
    "y": -601.214775536286,
    "yaw_deg": 124.63990110665563
  },
  "preprocess": {
    "grayscale": true,
    "clahe": {
      "enabled": true,
      "clip_limit": 2.0,
      "tile_grid": 8
    }
  }
}