{
  "segment_id": "segment-15832924468527961_1564_160_1584_160_with_camera_labels",
  "frame_index": 35,
  "timestamp_us": 1507678830381183,
  "camera_name": "FRONT",
  "image_path": "/home/wakamatsu/ITS/waymo_outputs/cam_gray_test/training/segment-15832924468527961_1564_160_1584_160_with_camera_labels/FRONT/0035_cam.png",
  "image_path_raw": "/home/wakamatsu/ITS/waymo_outputs/cam_gray_test/training/segment-15832924468527961_1564_160_1584_160_with_camera_labels/FRONT/0035_cam_raw.png",
  "width": 1920,
  "height": 1280,
  "intrinsic": [
    2084.2156571134137,
    2084.2156571134137,
    982.6994065605393,
    647.3422876254992
  ],
  "world_to_cam": [
    [
      -0.564415367881032,
      0.8250688169260617,
      0.02639582989694411,
      7564.676740628149
    ],
    [
      -0.8254900697600319,
      -0.5640797153258279,
      -0.01949921756149241,
      9978.70847504831
    ],
    [
      -0.0011988441503872173,
      -0.03279515351636435,
      0.9994613752809767,
      425.63003570352356
    ],
    [
      0.0,
      0.0,
      0.0,
      1.0
    ]
  ],
  "vehicle_pose": [
    [
      -0.5616924661915943,
      -0.8273452985298295,
      0.0011534401553192353,
      12508.301085091261
    ],
    [
      0.8273444971713506,
      -0.5616935768501724,
      -0.0011868974447381967,
      -599.9211937719332
    ],
    [
      0.0016298539472650948,
      0.000287621012468338,
      0.999998630424194,
      -432.618
    ],
    [
      0.0,
      0.0,
      0.0,
      1.0
    ]
  ],
  "pose_xyyaw": {
    "x": 12508.301085091261,
    "y": -599.9211937719332,
    "yaw_deg": 124.17297571461522
  },
  "preprocess": {
    "grayscale": true,
    "clahe": {
      "enabled": true,
      "clip_limit": 2.0,
      "tile_grid": 8
    }
  }
}