{
  "segment_id": "segment-15832924468527961_1564_160_1584_160_with_camera_labels",
  "frame_index": 36,
  "timestamp_us": 1507678830481258,
  "camera_name": "FRONT",
  "image_path": "/home/wakamatsu/ITS/waymo_outputs/cam_gray_test/training/segment-15832924468527961_1564_160_1584_160_with_camera_labels/FRONT/0036_cam.png",
  "image_path_raw": "/home/wakamatsu/ITS/waymo_outputs/cam_gray_test/training/segment-15832924468527961_1564_160_1584_160_with_camera_labels/FRONT/0036_cam_raw.png",
  "width": 1920,
  "height": 1280,
  "intrinsic": [
    2084.2156571134137,
    2084.2156571134137,
    982.6994065605393,
    647.3422876254992
  ],
  "world_to_cam": [
    [
      -0.5577417874413262,
      0.8296097091331162,
      0.025919665387916024,
      7482.14544492729
    ],
    [
      -0.8300139008555878,
      -0.5574313040063051,
      -0.0186350664157875,
      10039.646351462705
    ],
    [
      -0.0010113991522846413,
      -0.03190723782932489,
      0.9994903227374727,
      423.86926032074945
    ],
    [
      0.0,
      0.0,
      0.0,
      1.0
    ]
  ],
  "vehicle_pose": [
    [
      -0.5550118379714952,
      -0.831840918634667,
      0.0015955552437877272,
      12507.414812453311
    ],
    [
      0.8318416532579894,
      -0.5550129390115762,
      -0.00031848822158217266,
      -598.6194259104315
    ],
    [
      0.0011504853400251943,
      0.0011504845786242427,
      0.9999986763834824,
      -432.616
    ],
    [
      0.0,
      0.0,
      0.0,
      1.0
    ]
  ],
  "pose_xyyaw": {
    "x": 12507.414812453311,
    "y": -598.6194259104315,
    "yaw_deg": 123.71155545504583
  },
  "preprocess": {
    "grayscale": true,
    "clahe": {
      "enabled": true,
      "clip_limit": 2.0,
      "tile_grid": 8
    }
  }
}