{
  "segment_id": "segment-15832924468527961_1564_160_1584_160_with_camera_labels",
  "frame_index": 37,
  "timestamp_us": 1507678830581367,
  "camera_name": "FRONT",
  "image_path": "/home/wakamatsu/ITS/waymo_outputs/cam_gray_test/training/segment-15832924468527961_1564_160_1584_160_with_camera_labels/FRONT/0037_cam.png",
  "image_path_raw": "/home/wakamatsu/ITS/waymo_outputs/cam_gray_test/training/segment-15832924468527961_1564_160_1584_160_with_camera_labels/FRONT/0037_cam_raw.png",
  "width": 1920,
  "height": 1280,
  "intrinsic": [
    2084.2156571134137,
    2084.2156571134137,
    982.6994065605393,
    647.3422876254992
  ],
  "world_to_cam": [
    [
      -0.5510404901750444,
      0.8340758548816603,
      0.025920001756839717,
      7399.428369548076
    ],
    [
      -0.8344776608117287,
      -0.5507298169810634,
      -0.01853920964306871,
      10099.519710938288
    ],
    [
      -0.0011881893081796705,
      -0.031845517603458,
      0.9994920966244485,
      426.1568193429593
    ],
    [
      0.0,
      0.0,
      0.0,
      1.0
    ]
  ],
  "vehicle_pose": [
    [
      -0.5482946405722382,
      -0.8362835570556392,
      0.0016731162923881097,
      12506.538841543352
    ],
    [
      0.8362844393525701,
      -0.5482957767386087,
      -0.0002787604048284843,
      -597.3100839304699
    ],
    [
      0.0011504853400251943,
      0.0012463582845802358,
      0.9999985614862198,
      -432.61400000000003
    ],
    [
      0.0,
      0.0,
      0.0,
      1.0
    ]
  ],
  "pose_xyyaw": {
    "x": 12506.538841543352,
    "y": -597.3100839304699,
    "yaw_deg": 123.25012153509812
  },
  "preprocess": {
    "grayscale": true,
    "clahe": {
      "enabled": true,
      "clip_limit": 2.0,
      "tile_grid": 8
    }
  }
}