{
  "segment_id": "segment-15832924468527961_1564_160_1584_160_with_camera_labels",
  "frame_index": 38,
  "timestamp_us": 1507678830681488,
  "camera_name": "FRONT",
  "image_path": "/home/wakamatsu/ITS/waymo_outputs/cam_gray_test/training/segment-15832924468527961_1564_160_1584_160_with_camera_labels/FRONT/0038_cam.png",
  "image_path_raw": "/home/wakamatsu/ITS/waymo_outputs/cam_gray_test/training/segment-15832924468527961_1564_160_1584_160_with_camera_labels/FRONT/0038_cam_raw.png",
  "width": 1920,
  "height": 1280,
  "intrinsic": [
    2084.2156571134137,
    2084.2156571134137,
    982.6994065605393,
    647.3422876254992
  ],
  "world_to_cam": [
    [
      -0.544228601604979,
      0.8385394202368223,
      0.025823824348517856,
      7315.284953120351
    ],
    [
      -0.8389354757309887,
      -0.5439117692044373,
      -0.01863477611666251,
      10159.292605114502
    ],
    [
      -0.0015801123720821878,
      -0.031806100512210424,
      0.999492808986187,
      431.1207714947217
    ],
    [
      0.0,
      0.0,
      0.0,
      1.0
    ]
  ],
  "vehicle_pose": [
    [
      -0.5414615627400627,
      -0.840724098494203,
      0.0015382737723383438,
      12505.673393370642
    ],
    [
      0.8407248443273821,
      -0.5414625255694656,
      -0.00026369420725401264,
      -595.9938201717835
    ],
    [
      0.001054611676459362,
      0.0011504847002367891,
      0.9999987820888415,
      -432.612
    ],
    [
      0.0,
      0.0,
      0.0,
      1.0
    ]
  ],
  "pose_xyyaw": {
    "x": 12505.673393370642,
    "y": -595.9938201717835,
    "yaw_deg": 122.78320980343604
  },
  "preprocess": {
    "grayscale": true,
    "clahe": {
      "enabled": true,
      "clip_limit": 2.0,
      "tile_grid": 8
    }
  }
}