{
  "segment_id": "segment-15832924468527961_1564_160_1584_160_with_camera_labels",
  "frame_index": 39,
  "timestamp_us": 1507678830781630,
  "camera_name": "FRONT",
  "image_path": "/home/wakamatsu/ITS/waymo_outputs/cam_gray_test/training/segment-15832924468527961_1564_160_1584_160_with_camera_labels/FRONT/0039_cam.png",
  "image_path_raw": "/home/wakamatsu/ITS/waymo_outputs/cam_gray_test/training/segment-15832924468527961_1564_160_1584_160_with_camera_labels/FRONT/0039_cam_raw.png",
  "width": 1920,
  "height": 1280,
  "intrinsic": [
    2084.2156571134137,
    2084.2156571134137,
    982.6994065605393,
    647.3422876254992
  ],
  "world_to_cam": [
    [
      -0.5374091204864092,
      0.8429663002219895,
      0.02447966315280947,
      7230.48590276956
    ],
    [
      -0.8433158850325968,
      -0.5370714691220113,
      -0.019301686631297114,
      10217.85072266232
    ],
    [
      -0.003123342714537418,
      -0.03101699123344103,
      0.9995139773835642,
      450.93471467015047
    ],
    [
      0.0,
      0.0,
      0.0,
      1.0
    ]
  ],
  "vehicle_pose": [
    [
      -0.5345925431326093,
      -0.8451099038856027,
      0.0002513592580034691,
      12504.819232791235
    ],
    [
      0.8451098923222605,
      -0.5345923873006887,
      0.0004993387704448092,
      -594.671546084091
    ],
    [
      -0.0002876213944907634,
      0.00047936897864231577,
      0.9999998437396457,
      -432.60900000000004
    ],
    [
      0.0,
      0.0,
      0.0,
      1.0
    ]
  ],
  "pose_xyyaw": {
    "x": 12504.819232791235,
    "y": -594.671546084091,
    "yaw_deg": 122.31628441139563
  },
  "preprocess": {
    "grayscale": true,
    "clahe": {
      "enabled": true,
      "clip_limit": 2.0,
      "tile_grid": 8
    }
  }
}