{
  "segment_id": "segment-15832924468527961_1564_160_1584_160_with_camera_labels",
  "frame_index": 40,
  "timestamp_us": 1507678830881769,
  "camera_name": "FRONT",
  "image_path": "/home/wakamatsu/ITS/waymo_outputs/cam_gray_test/training/segment-15832924468527961_1564_160_1584_160_with_camera_labels/FRONT/0040_cam.png",
  "image_path_raw": "/home/wakamatsu/ITS/waymo_outputs/cam_gray_test/training/segment-15832924468527961_1564_160_1584_160_with_camera_labels/FRONT/0040_cam_raw.png",
  "width": 1920,
  "height": 1280,
  "intrinsic": [
    2084.2156571134137,
    2084.2156571134137,
    982.6994065605393,
    647.3422876254992
  ],
  "world_to_cam": [
    [
      -0.5305352257164351,
      0.8473391450661063,
      0.023425360459370135,
      7145.100171898806
    ],
    [
      -0.8476537687970931,
      -0.5301986965991644,
      -0.019298455084063897,
      10276.173046142187
    ],
    [
      -0.003932240849103712,
      -0.030095105302817827,
      0.9995393049393893,
      461.6456821662407
    ],
    [
      0.0,
      0.0,
      0.0,
      1.0
    ]
  ],
  "vehicle_pose": [
    [
      -0.5276874904012441,
      -0.8494385332803416,
      -0.00030108566697064596,
      12503.975766792339
    ],
    [
      0.8494375261812763,
      -0.5276873585602739,
      0.0013931011141054622,
      -593.3429912784072
    ],
    [
      -0.0013422328673810522,
      0.0004793685666573034,
      0.9999989843078376,
      -432.60900000000004
    ],
    [
      0.0,
      0.0,
      0.0,
      1.0
    ]
  ],
  "pose_xyyaw": {
    "x": 12503.975766792339,
    "y": -593.3429912784072,
    "yaw_deg": 121.84937267973355
  },
  "preprocess": {
    "grayscale": true,
    "clahe": {
      "enabled": true,
      "clip_limit": 2.0,
      "tile_grid": 8
    }
  }
}