{
  "segment_id": "segment-15832924468527961_1564_160_1584_160_with_camera_labels",
  "frame_index": 41,
  "timestamp_us": 1507678830981906,
  "camera_name": "FRONT",
  "image_path": "/home/wakamatsu/ITS/waymo_outputs/cam_gray_test/training/segment-15832924468527961_1564_160_1584_160_with_camera_labels/FRONT/0041_cam.png",
  "image_path_raw": "/home/wakamatsu/ITS/waymo_outputs/cam_gray_test/training/segment-15832924468527961_1564_160_1584_160_with_camera_labels/FRONT/0041_cam_raw.png",
  "width": 1920,
  "height": 1280,
  "intrinsic": [
    2084.2156571134137,
    2084.2156571134137,
    982.6994065605393,
    647.3422876254992
  ],
  "world_to_cam": [
    [
      -0.523718920285265,
      0.8515795420323992,
      0.02303857910387522,
      7060.644943333728
    ],
    [
      -0.8518753044072171,
      -0.5233528136268664,
      -0.020255819162745627,
      10332.59656833073
    ],
    [
      -0.0051921360101237915,
      -0.030234352328630167,
      0.9995293520767267,
      477.35050366487576
    ],
    [
      0.0,
      0.0,
      0.0,
      1.0
    ]
  ],
  "vehicle_pose": [
    [
      -0.5208291651732446,
      -0.8536599262970811,
      -0.0013080288235174102,
      12503.143425929333
    ],
    [
      0.853659184083097,
      -0.5208305870823158,
      0.0012235154561132517,
      -592.0076741149621
    ],
    [
      -0.0017257275341621416,
      -0.0004793682846570193,
      0.9999983960339763,
      -432.611
    ],
    [
      0.0,
      0.0,
      0.0,
      1.0
    ]
  ],
  "pose_xyyaw": {
    "x": 12503.143425929333,
    "y": -592.0076741149621,
    "yaw_deg": 121.38793875978584
  },
  "preprocess": {
    "grayscale": true,
    "clahe": {
      "enabled": true,
      "clip_limit": 2.0,
      "tile_grid": 8
    }
  }
}