{
  "segment_id": "segment-15832924468527961_1564_160_1584_160_with_camera_labels",
  "frame_index": 42,
  "timestamp_us": 1507678831082052,
  "camera_name": "FRONT",
  "image_path": "/home/wakamatsu/ITS/waymo_outputs/cam_gray_test/training/segment-15832924468527961_1564_160_1584_160_with_camera_labels/FRONT/0042_cam.png",
  "image_path_raw": "/home/wakamatsu/ITS/waymo_outputs/cam_gray_test/training/segment-15832924468527961_1564_160_1584_160_with_camera_labels/FRONT/0042_cam_raw.png",
  "width": 1920,
  "height": 1280,
  "intrinsic": [
    2084.2156571134137,
    2084.2156571134137,
    982.6994065605393,
    647.3422876254992
  ],
  "world_to_cam": [
    [
      -0.5164862359675905,
      0.8559879473634647,
      0.022947810887158315,
      6971.211536799298
    ],
    [
      -0.8562848797081192,
      -0.5161609234934326,
      -0.018817700222358732,
      10392.598633959371
    ],
    [
      -0.0042629613277695814,
      -0.029368946642487577,
      0.9995595490684029,
      466.29718353213883
    ],
    [
      0.0,
      0.0,
      0.0,
      1.0
    ]
  ],
  "vehicle_pose": [
    [
      -0.5136083739084621,
      -0.8580247231221173,
      -0.00011297043566189631,
      12502.321669775394
    ],
    [
      0.8580227969116525,
      -0.5136074915107143,
      0.002055393873872848,
      -590.6661800929814
    ],
    [
      -0.0018216012216118254,
      0.0009587362961262999,
      0.9999978812946074,
      -432.61400000000003
    ],
    [
      0.0,
      0.0,
      0.0,
      1.0
    ]
  ],
  "pose_xyyaw": {
    "x": 12502.321669775394,
    "y": -590.6661800929814,
    "yaw_deg": 120.90453895146734
  },
  "preprocess": {
    "grayscale": true,
    "clahe": {
      "enabled": true,
      "clip_limit": 2.0,
      "tile_grid": 8
    }
  }
}