{
  "segment_id": "segment-15832924468527961_1564_160_1584_160_with_camera_labels",
  "frame_index": 43,
  "timestamp_us": 1507678831182164,
  "camera_name": "FRONT",
  "image_path": "/home/wakamatsu/ITS/waymo_outputs/cam_gray_test/training/segment-15832924468527961_1564_160_1584_160_with_camera_labels/FRONT/0043_cam.png",
  "image_path_raw": "/home/wakamatsu/ITS/waymo_outputs/cam_gray_test/training/segment-15832924468527961_1564_160_1584_160_with_camera_labels/FRONT/0043_cam_raw.png",
  "width": 1920,
  "height": 1280,
  "intrinsic": [
    2084.2156571134137,
    2084.2156571134137,
    982.6994065605393,
    647.3422876254992
  ],
  "world_to_cam": [
    [
      -0.5090861443472277,
      0.8604070746196436,
      0.02304264694302659,
      6879.772513224872
    ],
    [
      -0.86070265508294,
      -0.5087493655753471,
      -0.019105563583916636,
      10452.073597048793
    ],
    [
      -0.00471563005875581,
      -0.029559245104518704,
      0.9995519065371242,
      471.87991936763393
    ],
    [
      0.0,
      0.0,
      0.0,
      1.0
    ]
  ],
  "vehicle_pose": [
    [
      -0.5061858908301718,
      -0.8624243485924588,
      -0.00029475301285217085,
      12501.512376844663
    ],
    [
      0.8624226723532626,
      -0.5061855317556442,
      0.001828018684987268,
      -589.3179537516675
    ],
    [
      -0.0017257275341621416,
      0.0006711155854863348,
      0.999998285732705,
      -432.617
    ],
    [
      0.0,
      0.0,
      0.0,
      1.0
    ]
  ],
  "pose_xyyaw": {
    "x": 12501.512376844663,
    "y": -589.3179537516675,
    "yaw_deg": 120.41015619896349
  },
  "preprocess": {
    "grayscale": true,
    "clahe": {
      "enabled": true,
      "clip_limit": 2.0,
      "tile_grid": 8
    }
  }
}