{
  "segment_id": "segment-15832924468527961_1564_160_1584_160_with_camera_labels",
  "frame_index": 44,
  "timestamp_us": 1507678831282310,
  "camera_name": "FRONT",
  "image_path": "/home/wakamatsu/ITS/waymo_outputs/cam_gray_test/training/segment-15832924468527961_1564_160_1584_160_with_camera_labels/FRONT/0044_cam.png",
  "image_path_raw": "/home/wakamatsu/ITS/waymo_outputs/cam_gray_test/training/segment-15832924468527961_1564_160_1584_160_with_camera_labels/FRONT/0044_cam_raw.png",
  "width": 1920,
  "height": 1280,
  "intrinsic": [
    2084.2156571134137,
    2084.2156571134137,
    982.6994065605393,
    647.3422876254992
  ],
  "world_to_cam": [
    [
      -0.5017420109739913,
      0.86473782061376,
      0.021987633431996577,
      6788.486286014502
    ],
    [
      -0.864998799615104,
      -0.5014028497070849,
      -0.01929401383962408,
      10510.018538051043
    ],
    [
      -0.005659601417450397,
      -0.028699893828706975,
      0.9995720509328062,
      484.2314360895095
    ],
    [
      0.0,
      0.0,
      0.0,
      1.0
    ]
  ],
  "vehicle_pose": [
    [
      -0.49880751996868616,
      -0.8667122443101958,
      -0.0009713832777319394,
      12500.715483268294
    ],
    [
      0.8667083291115177,
      -0.4988082354672216,
      0.0026488636805105186,
      -587.9656253242046
    ],
    [
      -0.0027803365641348716,
      0.00047936714564065944,
      0.9999960199599445,
      -432.618
    ],
    [
      0.0,
      0.0,
      0.0,
      1.0
    ]
  ],
  "pose_xyyaw": {
    "x": 12500.715483268294,
    "y": -587.9656253242046,
    "yaw_deg": 119.92126491855231
  },
  "preprocess": {
    "grayscale": true,
    "clahe": {
      "enabled": true,
      "clip_limit": 2.0,
      "tile_grid": 8
    }
  }
}