{
  "segment_id": "segment-15832924468527961_1564_160_1584_160_with_camera_labels",
  "frame_index": 45,
  "timestamp_us": 1507678831382462,
  "camera_name": "FRONT",
  "image_path": "/home/wakamatsu/ITS/waymo_outputs/cam_gray_test/training/segment-15832924468527961_1564_160_1584_160_with_camera_labels/FRONT/0045_cam.png",
  "image_path_raw": "/home/wakamatsu/ITS/waymo_outputs/cam_gray_test/training/segment-15832924468527961_1564_160_1584_160_with_camera_labels/FRONT/0045_cam_raw.png",
  "width": 1920,
  "height": 1280,
  "intrinsic": [
    2084.2156571134137,
    2084.2156571134137,
    982.6994065605393,
    647.3422876254992
  ],
  "world_to_cam": [
    [
      -0.4941015535417097,
      0.8691261378008326,
      0.021986618181912474,
      6693.9871317835
    ],
    [
      -0.8693823515020702,
      -0.49375184929630056,
      -0.01958157841478011,
      10569.178783899792
    ],
    [
      -0.006162928232591034,
      -0.028790066132110895,
      0.9995664812345944,
      490.50721589881437
    ],
    [
      0.0,
      0.0,
      0.0,
      1.0
    ]
  ],
  "vehicle_pose": [
    [
      -0.49114359276885305,
      -0.8710778006730617,
      -0.0011985227092965972,
      12499.931198672486
    ],
    [
      0.8710741880062186,
      -0.4911450176961208,
      0.0025160647018839474,
      -586.6075901712688
    ],
    [
      -0.0027803365641348716,
      0.00019174686151462864,
      0.9999961164733246,
      -432.623
    ],
    [
      0.0,
      0.0,
      0.0,
      1.0
    ]
  ],
  "pose_xyyaw": {
    "x": 12499.931198672486,
    "y": -586.6075901712688,
    "yaw_deg": 119.41589922186307
  },
  "preprocess": {
    "grayscale": true,
    "clahe": {
      "enabled": true,
      "clip_limit": 2.0,
      "tile_grid": 8
    }
  }
}