{
  "segment_id": "segment-15832924468527961_1564_160_1584_160_with_camera_labels",
  "frame_index": 46,
  "timestamp_us": 1507678831482621,
  "camera_name": "FRONT",
  "image_path": "/home/wakamatsu/ITS/waymo_outputs/cam_gray_test/training/segment-15832924468527961_1564_160_1584_160_with_camera_labels/FRONT/0046_cam.png",
  "image_path_raw": "/home/wakamatsu/ITS/waymo_outputs/cam_gray_test/training/segment-15832924468527961_1564_160_1584_160_with_camera_labels/FRONT/0046_cam_raw.png",
  "width": 1920,
  "height": 1280,
  "intrinsic": [
    2084.2156571134137,
    2084.2156571134137,
    982.6994065605393,
    647.3422876254992
  ],
  "world_to_cam": [
    [
      -0.4863448750539185,
      0.8734555798813439,
      0.02332407517853035,
      6598.584740645121
    ],
    [
      -0.8737399976985106,
      -0.4859469637311842,
      -0.020831823305930176,
      10627.675050638214
    ],
    [
      -0.006861408790822232,
      -0.030510627895676927,
      0.9995108917139507,
      498.2460603832883
    ],
    [
      0.0,
      0.0,
      0.0,
      1.0
    ]
  ],
  "vehicle_pose": [
    [
      -0.48335871408920944,
      -0.8754208898871284,
      -0.0016183520179800215,
      12499.161374646184
    ],
    [
      0.8754212045431219,
      -0.48336027282529154,
      0.0007491932523160309,
      -585.2469501656238
    ],
    [
      -0.001438106496578116,
      -0.001054610585911073,
      0.999998409821844,
      -432.628
    ],
    [
      0.0,
      0.0,
      0.0,
      1.0
    ]
  ],
  "pose_xyyaw": {
    "x": 12499.161374646184,
    "y": -585.2469501656238,
    "yaw_deg": 118.9050283927028
  },
  "preprocess": {
    "grayscale": true,
    "clahe": {
      "enabled": true,
      "clip_limit": 2.0,
      "tile_grid": 8
    }
  }
}