{
  "segment_id": "segment-15832924468527961_1564_160_1584_160_with_camera_labels",
  "frame_index": 47,
  "timestamp_us": 1507678831582763,
  "camera_name": "FRONT",
  "image_path": "/home/wakamatsu/ITS/waymo_outputs/cam_gray_test/training/segment-15832924468527961_1564_160_1584_160_with_camera_labels/FRONT/0047_cam.png",
  "image_path_raw": "/home/wakamatsu/ITS/waymo_outputs/cam_gray_test/training/segment-15832924468527961_1564_160_1584_160_with_camera_labels/FRONT/0047_cam_raw.png",
  "width": 1920,
  "height": 1280,
  "intrinsic": [
    2084.2156571134137,
    2084.2156571134137,
    982.6994065605393,
    647.3422876254992
  ],
  "world_to_cam": [
    [
      -0.4787898592653514,
      0.877598978914924,
      0.02408947637762045,
      6505.352962617496
    ],
    [
      -0.8779008521026028,
      -0.4783721437222428,
      -0.021217586764512603,
      10683.936545143542
    ],
    [
      -0.007096798023666439,
      -0.03130693721954989,
      0.999484622763023,
      500.75108778041175
    ],
    [
      0.0,
      0.0,
      0.0,
      1.0
    ]
  ],
  "vehicle_pose": [
    [
      -0.47578753371283455,
      -0.8795588172729354,
      -0.0015842098640713926,
      12498.405956104501
    ],
    [
      0.8795599879291849,
      -0.47578799775537745,
      -9.394647953379106e-05,
      -583.885453974442
    ],
    [
      -0.0006711165848251493,
      -0.0014381061727183155,
      0.99999874072579,
      -432.63100000000003
    ],
    [
      0.0,
      0.0,
      0.0,
      1.0
    ]
  ],
  "pose_xyyaw": {
    "x": 12498.405956104501,
    "y": -583.885453974442,
    "yaw_deg": 118.41064564019894
  },
  "preprocess": {
    "grayscale": true,
    "clahe": {
      "enabled": true,
      "clip_limit": 2.0,
      "tile_grid": 8
    }
  }
}