{
  "segment_id": "segment-15832924468527961_1564_160_1584_160_with_camera_labels",
  "frame_index": 48,
  "timestamp_us": 1507678831682907,
  "camera_name": "FRONT",
  "image_path": "/home/wakamatsu/ITS/waymo_outputs/cam_gray_test/training/segment-15832924468527961_1564_160_1584_160_with_camera_labels/FRONT/0048_cam.png",
  "image_path_raw": "/home/wakamatsu/ITS/waymo_outputs/cam_gray_test/training/segment-15832924468527961_1564_160_1584_160_with_camera_labels/FRONT/0048_cam_raw.png",
  "width": 1920,
  "height": 1280,
  "intrinsic": [
    2084.2156571134137,
    2084.2156571134137,
    982.6994065605393,
    647.3422876254992
  ],
  "world_to_cam": [
    [
      -0.47101596835128046,
      0.8817956335775194,
      0.02409186920367621,
      6409.092331855614
    ],
    [
      -0.8820986286434794,
      -0.4706164529194354,
      -0.02054661983932505,
      10741.209495584992
    ],
    [
      -0.006779889630260974,
      -0.030929190825986178,
      0.9994985834164305,
      497.0549871658688
    ],
    [
      0.0,
      0.0,
      0.0,
      1.0
    ]
  ],
  "vehicle_pose": [
    [
      -0.46801114800063937,
      -0.8837220046418252,
      -0.000991896646674476,
      12497.665818299703
    ],
    [
      0.8837223064683007,
      -0.46801157062397203,
      0.00023412054495829007,
      -582.5221058196381
    ],
    [
      -0.0006711165848251493,
      -0.0007669901673608764,
      0.9999994806641715,
      -432.632
    ],
    [
      0.0,
      0.0,
      0.0,
      1.0
    ]
  ],
  "pose_xyyaw": {
    "x": 12497.665818299703,
    "y": -582.5221058196381,
    "yaw_deg": 117.9052799435097
  },
  "preprocess": {
    "grayscale": true,
    "clahe": {
      "enabled": true,
      "clip_limit": 2.0,
      "tile_grid": 8
    }
  }
}