{
  "segment_id": "segment-15832924468527961_1564_160_1584_160_with_camera_labels",
  "frame_index": 49,
  "timestamp_us": 1507678831783056,
  "camera_name": "FRONT",
  "image_path": "/home/wakamatsu/ITS/waymo_outputs/cam_gray_test/training/segment-15832924468527961_1564_160_1584_160_with_camera_labels/FRONT/0049_cam.png",
  "image_path_raw": "/home/wakamatsu/ITS/waymo_outputs/cam_gray_test/training/segment-15832924468527961_1564_160_1584_160_with_camera_labels/FRONT/0049_cam_raw.png",
  "width": 1920,
  "height": 1280,
  "intrinsic": [
    2084.2156571134137,
    2084.2156571134137,
    982.6994065605393,
    647.3422876254992
  ],
  "world_to_cam": [
    [
      -0.46337601222128305,
      0.8858621531841147,
      0.02304163305639615,
      6313.98092846302
    ],
    [
      -0.8861378437807157,
      -0.4630157970646481,
      -0.01939312992409118,
      10796.606256010135
    ],
    [
      -0.00651099973625629,
      -0.029404374242495944,
      0.9995463919487889,
      494.6388069260433
    ],
    [
      0.0,
      0.0,
      0.0,
      1.0
    ]
  ],
  "vehicle_pose": [
    [
      -0.4603679462002963,
      -0.8877280822227089,
      -0.0004540314001341898,
      12496.94109552541
    ],
    [
      0.8877265209375007,
      -0.4603680103624297,
      0.0017085254282400775,
      -581.1579686797079
    ],
    [
      -0.0017257275341621416,
      0.0003834946271923595,
      0.9999984373969535,
      -432.632
    ],
    [
      0.0,
      0.0,
      0.0,
      1.0
    ]
  ],
  "pose_xyyaw": {
    "x": 12496.94109552541,
    "y": -581.1579686797079,
    "yaw_deg": 117.41089719100583
  },
  "preprocess": {
    "grayscale": true,
    "clahe": {
      "enabled": true,
      "clip_limit": 2.0,
      "tile_grid": 8
    }
  }
}