{
  "segment_id": "segment-15832924468527961_1564_160_1584_160_with_camera_labels",
  "frame_index": 50,
  "timestamp_us": 1507678831883202,
  "camera_name": "FRONT",
  "image_path": "/home/wakamatsu/ITS/waymo_outputs/cam_gray_test/training/segment-15832924468527961_1564_160_1584_160_with_camera_labels/FRONT/0050_cam.png",
  "image_path_raw": "/home/wakamatsu/ITS/waymo_outputs/cam_gray_test/training/segment-15832924468527961_1564_160_1584_160_with_camera_labels/FRONT/0050_cam_raw.png",
  "width": 1920,
  "height": 1280,
  "intrinsic": [
    2084.2156571134137,
    2084.2156571134137,
    982.6994065605393,
    647.3422876254992
  ],
  "world_to_cam": [
    [
      -0.45566804109097203,
      0.8898611551515376,
      0.022666293933674135,
      6218.2769681382415
    ],
    [
      -0.8901363662102955,
      -0.4553736207341357,
      -0.01709137470814224,
      10852.00125476846
    ],
    [
      -0.004887318103713856,
      -0.02796408575038612,
      0.9995969808027125,
      475.2443909112597
    ],
    [
      0.0,
      0.0,
      0.0,
      1.0
    ]
  ],
  "vehicle_pose": [
    [
      -0.4526905149368843,
      -0.8916665449991747,
      0.001438824316341466,
      12496.22957830619
    ],
    [
      0.8916652112020375,
      -0.45268484204576176,
      0.003095951231803117,
      -579.7921155660782
    ],
    [
      -0.002109222179973187,
      0.0026844573452576743,
      0.9999941724182981,
      -432.635
    ],
    [
      0.0,
      0.0,
      0.0,
      1.0
    ]
  ],
  "pose_xyyaw": {
    "x": 12496.22957830619,
    "y": -579.7921155660782,
    "yaw_deg": 116.91650077812362
  },
  "preprocess": {
    "grayscale": true,
    "clahe": {
      "enabled": true,
      "clip_limit": 2.0,
      "tile_grid": 8
    }
  }
}