{
  "segment_id": "segment-15832924468527961_1564_160_1584_160_with_camera_labels",
  "frame_index": 51,
  "timestamp_us": 1507678831983354,
  "camera_name": "FRONT",
  "image_path": "/home/wakamatsu/ITS/waymo_outputs/cam_gray_test/training/segment-15832924468527961_1564_160_1584_160_with_camera_labels/FRONT/0051_cam.png",
  "image_path_raw": "/home/wakamatsu/ITS/waymo_outputs/cam_gray_test/training/segment-15832924468527961_1564_160_1584_160_with_camera_labels/FRONT/0051_cam_raw.png",
  "width": 1920,
  "height": 1280,
  "intrinsic": [
    2084.2156571134137,
    2084.2156571134137,
    982.6994065605393,
    647.3422876254992
  ],
  "world_to_cam": [
    [
      -0.4479498677340567,
      0.8937614280443459,
      0.023052673102542977,
      6122.721512347958
    ],
    [
      -0.8940488788773041,
      -0.4476753234252727,
      -0.01622981744545402,
      10905.719460659515
    ],
    [
      -0.004185471929950006,
      -0.027880361120492553,
      0.999602504642978,
      466.564159002593
    ],
    [
      0.0,
      0.0,
      0.0,
      1.0
    ]
  ],
  "vehicle_pose": [
    [
      -0.4449802571737491,
      -0.8955371394442442,
      0.0024088589839370116,
      12495.533152115424
    ],
    [
      0.8955387164104419,
      -0.4449726378236663,
      0.0031239395298847997,
      -578.4225930370455
    ],
    [
      -0.0017257275341621416,
      0.0035473178978920913,
      0.9999922191698338,
      -432.639
    ],
    [
      0.0,
      0.0,
      0.0,
      1.0
    ]
  ],
  "pose_xyyaw": {
    "x": 12495.533152115424,
    "y": -578.4225930370455,
    "yaw_deg": 116.42211802561977
  },
  "preprocess": {
    "grayscale": true,
    "clahe": {
      "enabled": true,
      "clip_limit": 2.0,
      "tile_grid": 8
    }
  }
}