{
  "segment_id": "segment-15832924468527961_1564_160_1584_160_with_camera_labels",
  "frame_index": 52,
  "timestamp_us": 1507678832083460,
  "camera_name": "FRONT",
  "image_path": "/home/wakamatsu/ITS/waymo_outputs/cam_gray_test/training/segment-15832924468527961_1564_160_1584_160_with_camera_labels/FRONT/0052_cam.png",
  "image_path_raw": "/home/wakamatsu/ITS/waymo_outputs/cam_gray_test/training/segment-15832924468527961_1564_160_1584_160_with_camera_labels/FRONT/0052_cam_raw.png",
  "width": 1920,
  "height": 1280,
  "intrinsic": [
    2084.2156571134137,
    2084.2156571134137,
    982.6994065605393,
    647.3422876254992
  ],
  "world_to_cam": [
    [
      -0.43962481953520177,
      0.8978953930072814,
      0.022668949356796867,
      6019.387819966813
    ],
    [
      -0.8981692186489152,
      -0.4393467485625767,
      -0.01632449690155395,
      10961.970445814128
    ],
    [
      -0.00469816136782851,
      -0.02753720653573469,
      0.9996097386160112,
      473.2086844113222
    ],
    [
      0.0,
      0.0,
      0.0,
      1.0
    ]
  ],
  "vehicle_pose": [
    [
      -0.436632523382903,
      -0.8996372986887237,
      0.0021841090483090565,
      12494.849227775518
    ],
    [
      0.8996374773796799,
      -0.4366243446653442,
      0.0034045468838754013,
      -577.0501428294459
    ],
    [
      -0.002109222179973187,
      0.003451442251424809,
      0.9999918193306285,
      -432.641
    ],
    [
      0.0,
      0.0,
      0.0,
      1.0
    ]
  ],
  "pose_xyyaw": {
    "x": 12494.849227775518,
    "y": -577.0501428294459,
    "yaw_deg": 115.88928130808873
  },
  "preprocess": {
    "grayscale": true,
    "clahe": {
      "enabled": true,
      "clip_limit": 2.0,
      "tile_grid": 8
    }
  }
}