{
  "segment_id": "segment-15832924468527961_1564_160_1584_160_with_camera_labels",
  "frame_index": 53,
  "timestamp_us": 1507678832183606,
  "camera_name": "FRONT",
  "image_path": "/home/wakamatsu/ITS/waymo_outputs/cam_gray_test/training/segment-15832924468527961_1564_160_1584_160_with_camera_labels/FRONT/0053_cam.png",
  "image_path_raw": "/home/wakamatsu/ITS/waymo_outputs/cam_gray_test/training/segment-15832924468527961_1564_160_1584_160_with_camera_labels/FRONT/0053_cam_raw.png",
  "width": 1920,
  "height": 1280,
  "intrinsic": [
    2084.2156571134137,
    2084.2156571134137,
    982.6994065605393,
    647.3422876254992
  ],
  "world_to_cam": [
    [
      -0.4314627928592226,
      0.9018672393588043,
      0.02180231523138241,
      5917.792819812208
    ],
    [
      -0.9021083318391603,
      -0.4311557513271438,
      -0.017472141365423355,
      11015.407825859473
    ],
    [
      -0.006357358294663217,
      -0.027206629134370615,
      0.9996096154632859,
      494.1659514792458
    ],
    [
      0.0,
      0.0,
      0.0,
      1.0
    ]
  ],
  "vehicle_pose": [
    [
      -0.42841984416758827,
      -0.9035794308200599,
      0.0008058053835091146,
      12494.179632185358
    ],
    [
      0.903574902176572,
      -0.4284144229441879,
      0.0036712899635917328,
      -575.675374502072
    ],
    [
      -0.0029720834472962386,
      0.002300958994673604,
      0.9999929361288944,
      -432.64300000000003
    ],
    [
      0.0,
      0.0,
      0.0,
      1.0
    ]
  ],
  "pose_xyyaw": {
    "x": 12494.179632185358,
    "y": -575.675374502072,
    "yaw_deg": 115.36744119512142
  },
  "preprocess": {
    "grayscale": true,
    "clahe": {
      "enabled": true,
      "clip_limit": 2.0,
      "tile_grid": 8
    }
  }
}