{
  "segment_id": "segment-15832924468527961_1564_160_1584_160_with_camera_labels",
  "frame_index": 54,
  "timestamp_us": 1507678832283756,
  "camera_name": "FRONT",
  "image_path": "/home/wakamatsu/ITS/waymo_outputs/cam_gray_test/training/segment-15832924468527961_1564_160_1584_160_with_camera_labels/FRONT/0054_cam.png",
  "image_path_raw": "/home/wakamatsu/ITS/waymo_outputs/cam_gray_test/training/segment-15832924468527961_1564_160_1584_160_with_camera_labels/FRONT/0054_cam_raw.png",
  "width": 1920,
  "height": 1280,
  "intrinsic": [
    2084.2156571134137,
    2084.2156571134137,
    982.6994065605393,
    647.3422876254992
  ],
  "world_to_cam": [
    [
      -0.42358867853188015,
      0.9055638948307457,
      0.02294915681644841,
      5820.509056201503
    ],
    [
      -0.9058277467874813,
      -0.4232449299081392,
      -0.018434273974549553,
      11066.00653884685
    ],
    [
      -0.006980298670541533,
      -0.028596532762290103,
      0.9995666629817372,
      501.1712478196208
    ],
    [
      0.0,
      0.0,
      0.0,
      1.0
    ]
  ],
  "vehicle_pose": [
    [
      -0.4205213877383646,
      -0.9072825129838852,
      0.00045176127133061516,
      12493.523746823617
    ],
    [
      0.9072807967898303,
      -0.4205194883124373,
      0.002217143625589619,
      -574.2953246170738
    ],
    [
      -0.0018216012216118254,
      0.001342230640459843,
      0.999997440089672,
      -432.649
    ],
    [
      0.0,
      0.0,
      0.0,
      1.0
    ]
  ],
  "pose_xyyaw": {
    "x": 12493.523746823617,
    "y": -574.2953246170738,
    "yaw_deg": 114.86755331014652
  },
  "preprocess": {
    "grayscale": true,
    "clahe": {
      "enabled": true,
      "clip_limit": 2.0,
      "tile_grid": 8
    }
  }
}