{
  "segment_id": "segment-15832924468527961_1564_160_1584_160_with_camera_labels",
  "frame_index": 55,
  "timestamp_us": 1507678832383903,
  "camera_name": "FRONT",
  "image_path": "/home/wakamatsu/ITS/waymo_outputs/cam_gray_test/training/segment-15832924468527961_1564_160_1584_160_with_camera_labels/FRONT/0055_cam.png",
  "image_path_raw": "/home/wakamatsu/ITS/waymo_outputs/cam_gray_test/training/segment-15832924468527961_1564_160_1584_160_with_camera_labels/FRONT/0055_cam_raw.png",
  "width": 1920,
  "height": 1280,
  "intrinsic": [
    2084.2156571134137,
    2084.2156571134137,
    982.6994065605393,
    647.3422876254992
  ],
  "world_to_cam": [
    [
      -0.415506013235751,
      0.909271203816355,
      0.02409628343311174,
      5720.627138284118
    ],
    [
      -0.9095591265732743,
      -0.41512610785920767,
      -0.019300514006829004,
      11116.901290594944
    ],
    [
      -0.007546405249803842,
      -0.02993647414146146,
      0.9995233160280873,
      507.49522045172625
    ],
    [
      0.0,
      0.0,
      0.0,
      1.0
    ]
  ],
  "vehicle_pose": [
    [
      -0.4124158203501097,
      -0.9109957000717811,
      0.00015992395551759942,
      12492.879696765114
    ],
    [
      0.9109954669083022,
      -0.4124155727614954,
      0.0008090836372555293,
      -572.9109124472824
    ],
    [
      -0.0006711165848251493,
      0.00047936889051716775,
      0.9999996599039404,
      -432.652
    ],
    [
      0.0,
      0.0,
      0.0,
      1.0
    ]
  ],
  "pose_xyyaw": {
    "x": 12492.879696765114,
    "y": -572.9109124472824,
    "yaw_deg": 114.35668931117542
  },
  "preprocess": {
    "grayscale": true,
    "clahe": {
      "enabled": true,
      "clip_limit": 2.0,
      "tile_grid": 8
    }
  }
}