{
  "segment_id": "segment-15832924468527961_1564_160_1584_160_with_camera_labels",
  "frame_index": 56,
  "timestamp_us": 1507678832484051,
  "camera_name": "FRONT",
  "image_path": "/home/wakamatsu/ITS/waymo_outputs/cam_gray_test/training/segment-15832924468527961_1564_160_1584_160_with_camera_labels/FRONT/0056_cam.png",
  "image_path_raw": "/home/wakamatsu/ITS/waymo_outputs/cam_gray_test/training/segment-15832924468527961_1564_160_1584_160_with_camera_labels/FRONT/0056_cam_raw.png",
  "width": 1920,
  "height": 1280,
  "intrinsic": [
    2084.2156571134137,
    2084.2156571134137,
    982.6994065605393,
    647.3422876254992
  ],
  "world_to_cam": [
    [
      -0.4066618755978892,
      0.9133026473505745,
      0.022458701601801672,
      5610.063587632696
    ],
    [
      -0.9135172421503742,
      -0.40622636831764125,
      -0.021595971324178075,
      11170.441987763637
    ],
    [
      -0.010600340993649444,
      -0.029298669353604534,
      0.9995144925137038,
      546.0456328008601
    ],
    [
      0.0,
      0.0,
      0.0,
      1.0
    ]
  ],
  "vehicle_pose": [
    [
      -0.4034865536202371,
      -0.9149818939461352,
      -0.002595149014389608,
      12492.186486373737
    ],
    [
      0.9149826810320515,
      -0.4034907874255632,
      0.001370355464126334,
      -571.3845472642046
    ],
    [
      -0.0023009691572484854,
      -0.0018215963994088946,
      0.9999956936544752,
      -432.651
    ],
    [
      0.0,
      0.0,
      0.0,
      1.0
    ]
  ],
  "pose_xyyaw": {
    "x": 12492.186486373737,
    "y": -571.3845472642046,
    "yaw_deg": 113.79638840299177
  },
  "preprocess": {
    "grayscale": true,
    "clahe": {
      "enabled": true,
      "clip_limit": 2.0,
      "tile_grid": 8
    }
  }
}