{
  "segment_id": "segment-15832924468527961_1564_160_1584_160_with_camera_labels",
  "frame_index": 57,
  "timestamp_us": 1507678832584162,
  "camera_name": "FRONT",
  "image_path": "/home/wakamatsu/ITS/waymo_outputs/cam_gray_test/training/segment-15832924468527961_1564_160_1584_160_with_camera_labels/FRONT/0057_cam.png",
  "image_path_raw": "/home/wakamatsu/ITS/waymo_outputs/cam_gray_test/training/segment-15832924468527961_1564_160_1584_160_with_camera_labels/FRONT/0057_cam_raw.png",
  "width": 1920,
  "height": 1280,
  "intrinsic": [
    2084.2156571134137,
    2084.2156571134137,
    982.6994065605393,
    647.3422876254992
  ],
  "world_to_cam": [
    [
      -0.39881825946942057,
      0.9168021541990825,
      0.020440302583476608,
      5511.6836915185195
    ],
    [
      -0.9169370289443374,
      -0.3983613931454689,
      -0.023123265382134182,
      11216.984958094896
    ],
    [
      -0.013056832100989017,
      -0.02796445077456857,
      0.9995236408551641,
      577.5317699504517
    ],
    [
      0.0,
      0.0,
      0.0,
      1.0
    ]
  ],
  "vehicle_pose": [
    [
      -0.3955739712139576,
      -0.9184216371128554,
      -0.004788505086306418,
      12491.569913390846
    ],
    [
      0.9184239870816794,
      -0.39558872177595844,
      0.0026349870311908586,
      -569.9922917995897
    ],
    [
      -0.004314307709267083,
      -0.0033555456495009974,
      0.9999850634196412,
      -432.653
    ],
    [
      0.0,
      0.0,
      0.0,
      1.0
    ]
  ],
  "pose_xyyaw": {
    "x": 12491.569913390846,
    "y": -569.9922917995897,
    "yaw_deg": 113.3020056504879
  },
  "preprocess": {
    "grayscale": true,
    "clahe": {
      "enabled": true,
      "clip_limit": 2.0,
      "tile_grid": 8
    }
  }
}