{
  "segment_id": "segment-15832924468527961_1564_160_1584_160_with_camera_labels",
  "frame_index": 58,
  "timestamp_us": 1507678832684273,
  "camera_name": "FRONT",
  "image_path": "/home/wakamatsu/ITS/waymo_outputs/cam_gray_test/training/segment-15832924468527961_1564_160_1584_160_with_camera_labels/FRONT/0058_cam.png",
  "image_path_raw": "/home/wakamatsu/ITS/waymo_outputs/cam_gray_test/training/segment-15832924468527961_1564_160_1584_160_with_camera_labels/FRONT/0058_cam_raw.png",
  "width": 1920,
  "height": 1280,
  "intrinsic": [
    2084.2156571134137,
    2084.2156571134137,
    982.6994065605393,
    647.3422876254992
  ],
  "world_to_cam": [
    [
      -0.3909933406477889,
      0.9201644198777802,
      0.02053406827860698,
      5414.369843138929
    ],
    [
      -0.9202902293070653,
      -0.3905179485153214,
      -0.023698644039991012,
      11263.083091158025
    ],
    [
      -0.013787726826113206,
      -0.028163314406745046,
      0.9995082422424516,
      586.5798744306215
    ],
    [
      0.0,
      0.0,
      0.0,
      1.0
    ]
  ],
  "vehicle_pose": [
    [
      -0.3877231307260991,
      -0.9217608788313515,
      -0.0052589120554238965,
      12490.964491492858
    ],
    [
      0.9217662277965614,
      -0.38773886988487,
      0.002364333754280179,
      -568.5916842973338
    ],
    [
      -0.0042184349763899065,
      -0.003930780642351044,
      0.9999833767467796,
      -432.66
    ],
    [
      0.0,
      0.0,
      0.0,
      1.0
    ]
  ],
  "pose_xyyaw": {
    "x": 12490.964491492858,
    "y": -568.5916842973338,
    "yaw_deg": 112.81311437007673
  },
  "preprocess": {
    "grayscale": true,
    "clahe": {
      "enabled": true,
      "clip_limit": 2.0,
      "tile_grid": 8
    }
  }
}