{
  "segment_id": "segment-15832924468527961_1564_160_1584_160_with_camera_labels",
  "frame_index": 59,
  "timestamp_us": 1507678832784381,
  "camera_name": "FRONT",
  "image_path": "/home/wakamatsu/ITS/waymo_outputs/cam_gray_test/training/segment-15832924468527961_1564_160_1584_160_with_camera_labels/FRONT/0059_cam.png",
  "image_path_raw": "/home/wakamatsu/ITS/waymo_outputs/cam_gray_test/training/segment-15832924468527961_1564_160_1584_160_with_camera_labels/FRONT/0059_cam_raw.png",
  "width": 1920,
  "height": 1280,
  "intrinsic": [
    2084.2156571134137,
    2084.2156571134137,
    982.6994065605393,
    647.3422876254992
  ],
  "world_to_cam": [
    [
      -0.3831227039356825,
      0.9234175889112972,
      0.022736539276199737,
      5317.332544842411
    ],
    [
      -0.9235955261397559,
      -0.38259868848627643,
      -0.02428060261214062,
      11308.609051429788
    ],
    [
      -0.013722165413625502,
      -0.03030181608135003,
      0.9994465979323424,
      584.5608337996381
    ],
    [
      0.0,
      0.0,
      0.0,
      1.0
    ]
  ],
  "vehicle_pose": [
    [
      -0.3798465091186262,
      -0.9250363745536112,
      -0.004933078461222496,
      12490.369076788083
    ],
    [
      0.9250473371336345,
      -0.37985181494457076,
      0.0001508154084282206,
      -567.1836912307996
    ],
    [
      -0.002013348545398599,
      -0.004506044388012398,
      0.999987820921639,
      -432.668
    ],
    [
      0.0,
      0.0,
      0.0,
      1.0
    ]
  ],
  "pose_xyyaw": {
    "x": 12490.369076788083,
    "y": -567.1836912307996,
    "yaw_deg": 112.32422308966555
  },
  "preprocess": {
    "grayscale": true,
    "clahe": {
      "enabled": true,
      "clip_limit": 2.0,
      "tile_grid": 8
    }
  }
}