{
  "segment_id": "segment-15832924468527961_1564_160_1584_160_with_camera_labels",
  "frame_index": 60,
  "timestamp_us": 1507678832884455,
  "camera_name": "FRONT",
  "image_path": "/home/wakamatsu/ITS/waymo_outputs/cam_gray_test/training/segment-15832924468527961_1564_160_1584_160_with_camera_labels/FRONT/0060_cam.png",
  "image_path_raw": "/home/wakamatsu/ITS/waymo_outputs/cam_gray_test/training/segment-15832924468527961_1564_160_1584_160_with_camera_labels/FRONT/0060_cam_raw.png",
  "width": 1920,
  "height": 1280,
  "intrinsic": [
    2084.2156571134137,
    2084.2156571134137,
    982.6994065605393,
    647.3422876254992
  ],
  "world_to_cam": [
    [
      -0.3753977490890045,
      0.926538453003952,
      0.02455656905906681,
      5221.874496051124
    ],
    [
      -0.9267645623010661,
      -0.3748380682836972,
      -0.024573738589398108,
      11352.45516186739
    ],
    [
      -0.013563776827368626,
      -0.03198308412880361,
      0.9993963709598844,
      581.6484569633319
    ],
    [
      0.0,
      0.0,
      0.0,
      1.0
    ]
  ],
  "vehicle_pose": [
    [
      -0.3721182441175811,
      -0.9281743236344124,
      -0.004520767705744212,
      12489.785629343558
    ],
    [
      0.9281853131932788,
      -0.3721148285923989,
      -0.0016058374589012743,
      -565.7707365051809
    ],
    [
      -0.00019174760264656626,
      -0.0047936716043748325,
      0.9999884919064851,
      -432.672
    ],
    [
      0.0,
      0.0,
      0.0,
      1.0
    ]
  ],
  "pose_xyyaw": {
    "x": 12489.785629343558,
    "y": -565.7707365051809,
    "yaw_deg": 111.84631475343976
  },
  "preprocess": {
    "grayscale": true,
    "clahe": {
      "enabled": true,
      "clip_limit": 2.0,
      "tile_grid": 8
    }
  }
}