{
  "segment_id": "segment-15832924468527961_1564_160_1584_160_with_camera_labels",
  "frame_index": 61,
  "timestamp_us": 1507678832984533,
  "camera_name": "FRONT",
  "image_path": "/home/wakamatsu/ITS/waymo_outputs/cam_gray_test/training/segment-15832924468527961_1564_160_1584_160_with_camera_labels/FRONT/0061_cam.png",
  "image_path_raw": "/home/wakamatsu/ITS/waymo_outputs/cam_gray_test/training/segment-15832924468527961_1564_160_1584_160_with_camera_labels/FRONT/0061_cam_raw.png",
  "width": 1920,
  "height": 1280,
  "intrinsic": [
    2084.2156571134137,
    2084.2156571134137,
    982.6994065605393,
    647.3422876254992
  ],
  "world_to_cam": [
    [
      -0.36776917686805655,
      0.9295775727321489,
      0.02512705353197328,
      5127.033359467114
    ],
    [
      -0.9297996884208083,
      -0.3671590829506124,
      -0.025821448825212822,
      11394.158012498001
    ],
    [
      -0.014777413791318472,
      -0.03285945952495089,
      0.9993507312057006,
      596.3291152381572
    ],
    [
      0.0,
      0.0,
      0.0,
      1.0
    ]
  ],
  "vehicle_pose": [
    [
      -0.3644526716743309,
      -0.9312057596253704,
      -0.005484829074760093,
      12489.214951429893
    ],
    [
      0.9312218334214869,
      -0.36444389347191514,
      -0.002558411647104833,
      -564.3525602890974
    ],
    [
      0.0003834951982431209,
      -0.006040012547031653,
      0.9999816854222204,
      -432.672
    ],
    [
      0.0,
      0.0,
      0.0,
      1.0
    ]
  ],
  "pose_xyyaw": {
    "x": 12489.214951429893,
    "y": -564.3525602890974,
    "yaw_deg": 111.37390471949583
  },
  "preprocess": {
    "grayscale": true,
    "clahe": {
      "enabled": true,
      "clip_limit": 2.0,
      "tile_grid": 8
    }
  }
}