{
  "segment_id": "segment-15832924468527961_1564_160_1584_160_with_camera_labels",
  "frame_index": 62,
  "timestamp_us": 1507678833084603,
  "camera_name": "FRONT",
  "image_path": "/home/wakamatsu/ITS/waymo_outputs/cam_gray_test/training/segment-15832924468527961_1564_160_1584_160_with_camera_labels/FRONT/0062_cam.png",
  "image_path_raw": "/home/wakamatsu/ITS/waymo_outputs/cam_gray_test/training/segment-15832924468527961_1564_160_1584_160_with_camera_labels/FRONT/0062_cam_raw.png",
  "width": 1920,
  "height": 1280,
  "intrinsic": [
    2084.2156571134137,
    2084.2156571134137,
    982.6994065605393,
    647.3422876254992
  ],
  "world_to_cam": [
    [
      -0.359901319212067,
      0.9326821423207198,
      0.023980446731593944,
      5028.497697432101
    ],
    [
      -0.9328766188441302,
      -0.359337193688029,
      -0.024859510179317833,
      11437.405321381651
    ],
    [
      -0.01456895477917366,
      -0.03131776857384342,
      0.9994032934347363,
      594.653805367903
    ],
    [
      0.0,
      0.0,
      0.0,
      1.0
    ]
  ],
  "vehicle_pose": [
    [
      -0.35658307264619327,
      -0.9342501294146356,
      -0.005020756012440371,
      12488.654580611237
    ],
    [
      0.9342633055129682,
      -0.3565822152060757,
      -0.001095340453932004,
      -562.9302520203375
    ],
    [
      -0.0007669903400861504,
      -0.0050812879730134,
      0.9999867960320044,
      -432.671
    ],
    [
      0.0,
      0.0,
      0.0,
      1.0
    ]
  ],
  "pose_xyyaw": {
    "x": 12488.654580611237,
    "y": -562.9302520203375,
    "yaw_deg": 110.89050491117735
  },
  "preprocess": {
    "grayscale": true,
    "clahe": {
      "enabled": true,
      "clip_limit": 2.0,
      "tile_grid": 8
    }
  }
}