{
  "segment_id": "segment-15832924468527961_1564_160_1584_160_with_camera_labels",
  "frame_index": 63,
  "timestamp_us": 1507678833184684,
  "camera_name": "FRONT",
  "image_path": "/home/wakamatsu/ITS/waymo_outputs/cam_gray_test/training/segment-15832924468527961_1564_160_1584_160_with_camera_labels/FRONT/0063_cam.png",
  "image_path_raw": "/home/wakamatsu/ITS/waymo_outputs/cam_gray_test/training/segment-15832924468527961_1564_160_1584_160_with_camera_labels/FRONT/0063_cam_raw.png",
  "width": 1920,
  "height": 1280,
  "intrinsic": [
    2084.2156571134137,
    2084.2156571134137,
    982.6994065605393,
    647.3422876254992
  ],
  "world_to_cam": [
    [
      -0.3518339048617927,
      0.9357697419739103,
      0.023407122757498372,
      4927.706402156325
    ],
    [
      -0.9359487360070133,
      -0.3512914051098752,
      -0.024378520521219863,
      11480.498009030029
    ],
    [
      -0.014589960814786645,
      -0.030485057028175732,
      0.9994287339982835,
      595.4324722900138
    ],
    [
      0.0,
      0.0,
      0.0,
      1.0
    ]
  ],
  "vehicle_pose": [
    [
      -0.348508296313575,
      -0.9372935013446922,
      -0.00478118579610546,
      12488.10621262873
    ],
    [
      0.937304734764281,
      -0.34851070952129404,
      -0.00034574184746600524,
      -561.5011871673083
    ],
    [
      -0.0013422328673810522,
      -0.0046019219867020605,
      0.9999885102964724,
      -432.672
    ],
    [
      0.0,
      0.0,
      0.0,
      1.0
    ]
  ],
  "pose_xyyaw": {
    "x": 12488.10621262873,
    "y": -561.5011871673083,
    "yaw_deg": 110.39612215867348
  },
  "preprocess": {
    "grayscale": true,
    "clahe": {
      "enabled": true,
      "clip_limit": 2.0,
      "tile_grid": 8
    }
  }
}