{
  "segment_id": "segment-15832924468527961_1564_160_1584_160_with_camera_labels",
  "frame_index": 64,
  "timestamp_us": 1507678833284799,
  "camera_name": "FRONT",
  "image_path": "/home/wakamatsu/ITS/waymo_outputs/cam_gray_test/training/segment-15832924468527961_1564_160_1584_160_with_camera_labels/FRONT/0064_cam.png",
  "image_path_raw": "/home/wakamatsu/ITS/waymo_outputs/cam_gray_test/training/segment-15832924468527961_1564_160_1584_160_with_camera_labels/FRONT/0064_cam_raw.png",
  "width": 1920,
  "height": 1280,
  "intrinsic": [
    2084.2156571134137,
    2084.2156571134137,
    982.6994065605393,
    647.3422876254992
  ],
  "world_to_cam": [
    [
      -0.3439010436851439,
      0.9386694573827978,
      0.025134079035299572,
      4829.481896471256
    ],
    [
      -0.9389043559769671,
      -0.3433470280081727,
      -0.02390457457124585,
      11522.062782779254
    ],
    [
      -0.013808782703265344,
      -0.03181930443361292,
      0.9993982436374476,
      584.9569647604568
    ],
    [
      0.0,
      0.0,
      0.0,
      1.0
    ]
  ],
  "vehicle_pose": [
    [
      -0.3405883048410972,
      -0.9402050723380666,
      -0.0037454712972640864,
      12487.568946572985
    ],
    [
      0.940212454468085,
      -0.34058394917696544,
      -0.001764660341672484,
      -560.0642317187131
    ],
    [
      0.0003834951982431209,
      -0.004122561435930972,
      0.9999914286725861,
      -432.676
    ],
    [
      0.0,
      0.0,
      0.0,
      1.0
    ]
  ],
  "pose_xyyaw": {
    "x": 12487.568946572985,
    "y": -560.0642317187131,
    "yaw_deg": 109.912722350355
  },
  "preprocess": {
    "grayscale": true,
    "clahe": {
      "enabled": true,
      "clip_limit": 2.0,
      "tile_grid": 8
    }
  }
}