{
  "segment_id": "segment-15832924468527961_1564_160_1584_160_with_camera_labels",
  "frame_index": 65,
  "timestamp_us": 1507678833384944,
  "camera_name": "FRONT",
  "image_path": "/home/wakamatsu/ITS/waymo_outputs/cam_gray_test/training/segment-15832924468527961_1564_160_1584_160_with_camera_labels/FRONT/0065_cam.png",
  "image_path_raw": "/home/wakamatsu/ITS/waymo_outputs/cam_gray_test/training/segment-15832924468527961_1564_160_1584_160_with_camera_labels/FRONT/0065_cam_raw.png",
  "width": 1920,
  "height": 1280,
  "intrinsic": [
    2084.2156571134137,
    2084.2156571134137,
    982.6994065605393,
    647.3422876254992
  ],
  "world_to_cam": [
    [
      -0.33556632221536814,
      0.9416113207006164,
      0.027629044921841463,
      4726.592315517377
    ],
    [
      -0.9419343377811721,
      -0.3350051131085732,
      -0.023049457691164774,
      11564.930197752463
    ],
    [
      -0.012447758978887283,
      -0.03375936787846389,
      0.9993524695405772,
      566.8979271836383
    ],
    [
      0.0,
      0.0,
      0.0,
      1.0
    ]
  ],
  "vehicle_pose": [
    [
      -0.3322807500317726,
      -0.943178145385503,
      -0.0021187792441849616,
      12487.042938670209
    ],
    [
      0.9431761397396827,
      -0.33227151621487716,
      -0.0037959106966594654,
      -558.6200760568476
    ],
    [
      0.0028762100189343187,
      -0.0032596900818305705,
      0.9999905508736057,
      -432.677
    ],
    [
      0.0,
      0.0,
      0.0,
      1.0
    ]
  ],
  "pose_xyyaw": {
    "x": 12487.042938670209,
    "y": -558.6200760568476,
    "yaw_deg": 109.4073498234766
  },
  "preprocess": {
    "grayscale": true,
    "clahe": {
      "enabled": true,
      "clip_limit": 2.0,
      "tile_grid": 8
    }
  }
}