{
  "segment_id": "segment-15832924468527961_1564_160_1584_160_with_camera_labels",
  "frame_index": 66,
  "timestamp_us": 1507678833485058,
  "camera_name": "FRONT",
  "image_path": "/home/wakamatsu/ITS/waymo_outputs/cam_gray_test/training/segment-15832924468527961_1564_160_1584_160_with_camera_labels/FRONT/0066_cam.png",
  "image_path_raw": "/home/wakamatsu/ITS/waymo_outputs/cam_gray_test/training/segment-15832924468527961_1564_160_1584_160_with_camera_labels/FRONT/0066_cam_raw.png",
  "width": 1920,
  "height": 1280,
  "intrinsic": [
    2084.2156571134137,
    2084.2156571134137,
    982.6994065605393,
    647.3422876254992
  ],
  "world_to_cam": [
    [
      -0.32677201892985586,
      0.9446821806802319,
      0.028206828069599933,
      4617.205649852811
    ],
    [
      -0.9450289037128379,
      -0.3262265736875617,
      -0.022284383935524187,
      11608.7947716929
    ],
    [
      -0.011849843535586789,
      -0.03393818093704982,
      0.9993536816777463,
      559.3714796485422
    ],
    [
      0.0,
      0.0,
      0.0,
      1.0
    ]
  ],
  "vehicle_pose": [
    [
      -0.32349461197575136,
      -0.9462291969070593,
      -0.0012421526796332248,
      12486.529442796917
    ],
    [
      0.9462237174770279,
      -0.323487392892173,
      -0.004072238177995093,
      -557.1705393189427
    ],
    [
      0.0034514499288699854,
      -0.0024927014354599653,
      0.9999909369254014,
      -432.673
    ],
    [
      0.0,
      0.0,
      0.0,
      1.0
    ]
  ],
  "pose_xyyaw": {
    "x": 12486.529442796917,
    "y": -557.1705393189427,
    "yaw_deg": 108.87451310594555
  },
  "preprocess": {
    "grayscale": true,
    "clahe": {
      "enabled": true,
      "clip_limit": 2.0,
      "tile_grid": 8
    }
  }
}