{
  "segment_id": "segment-15832924468527961_1564_160_1584_160_with_camera_labels",
  "frame_index": 67,
  "timestamp_us": 1507678833585207,
  "camera_name": "FRONT",
  "image_path": "/home/wakamatsu/ITS/waymo_outputs/cam_gray_test/training/segment-15832924468527961_1564_160_1584_160_with_camera_labels/FRONT/0067_cam.png",
  "image_path_raw": "/home/wakamatsu/ITS/waymo_outputs/cam_gray_test/training/segment-15832924468527961_1564_160_1584_160_with_camera_labels/FRONT/0067_cam_raw.png",
  "width": 1920,
  "height": 1280,
  "intrinsic": [
    2084.2156571134137,
    2084.2156571134137,
    982.6994065605393,
    647.3422876254992
  ],
  "world_to_cam": [
    [
      -0.3178869030801513,
      0.9477560207996338,
      0.026578974550471965,
      4505.732229615415
    ],
    [
      -0.9480486347596871,
      -0.31737099176449224,
      -0.021896111908640582,
      11651.590016990469
    ],
    [
      -0.012316776380350183,
      -0.03215864774002159,
      0.9994068833038573,
      566.249977611451
    ],
    [
      0.0,
      0.0,
      0.0,
      1.0
    ]
  ],
  "vehicle_pose": [
    [
      -0.3145914771603143,
      -0.9492260849002021,
      -0.0014290707210427146,
      12486.02899493011
    ],
    [
      0.9492254127798523,
      -0.31458765223954993,
      -0.002392653616201156,
      -555.7163543143372
    ],
    [
      0.0018216012216118254,
      -0.002109218680527061,
      0.9999961164752327,
      -432.666
    ],
    [
      0.0,
      0.0,
      0.0,
      1.0
    ]
  ],
  "pose_xyyaw": {
    "x": 12486.02899493011,
    "y": -555.7163543143372,
    "yaw_deg": 108.33618491632183
  },
  "preprocess": {
    "grayscale": true,
    "clahe": {
      "enabled": true,
      "clip_limit": 2.0,
      "tile_grid": 8
    }
  }
}