{
  "segment_id": "segment-15832924468527961_1564_160_1584_160_with_camera_labels",
  "frame_index": 68,
  "timestamp_us": 1507678833685354,
  "camera_name": "FRONT",
  "image_path": "/home/wakamatsu/ITS/waymo_outputs/cam_gray_test/training/segment-15832924468527961_1564_160_1584_160_with_camera_labels/FRONT/0068_cam.png",
  "image_path_raw": "/home/wakamatsu/ITS/waymo_outputs/cam_gray_test/training/segment-15832924468527961_1564_160_1584_160_with_camera_labels/FRONT/0068_cam_raw.png",
  "width": 1920,
  "height": 1280,
  "intrinsic": [
    2084.2156571134137,
    2084.2156571134137,
    982.6994065605393,
    647.3422876254992
  ],
  "world_to_cam": [
    [
      -0.30884077613476085,
      0.9507340798246254,
      0.0268716292118964,
      4393.022051316066
    ],
    [
      -0.9510482205054841,
      -0.30836456239969634,
      -0.020459201582570613,
      11694.657269239822
    ],
    [
      -0.011165002007658464,
      -0.03187485083991589,
      0.9994295055751066,
      552.0755808785044
    ],
    [
      0.0,
      0.0,
      0.0,
      1.0
    ]
  ],
  "vehicle_pose": [
    [
      -0.305567636415189,
      -0.9521703731714453,
      5.494142090439551e-06,
      12485.54155973059
    ],
    [
      0.952168037038332,
      -0.3055668994820677,
      -0.002213409922627176,
      -554.2533172629153
    ],
    [
      0.002109222179973187,
      -0.0006711150919856489,
      0.9999975503901641,
      -432.664
    ],
    [
      0.0,
      0.0,
      0.0,
      1.0
    ]
  ],
  "pose_xyyaw": {
    "x": 12485.54155973059,
    "y": -554.2533172629153,
    "yaw_deg": 107.79235842441624
  },
  "preprocess": {
    "grayscale": true,
    "clahe": {
      "enabled": true,
      "clip_limit": 2.0,
      "tile_grid": 8
    }
  }
}