{
  "segment_id": "segment-15832924468527961_1564_160_1584_160_with_camera_labels",
  "frame_index": 69,
  "timestamp_us": 1507678833785502,
  "camera_name": "FRONT",
  "image_path": "/home/wakamatsu/ITS/waymo_outputs/cam_gray_test/training/segment-15832924468527961_1564_160_1584_160_with_camera_labels/FRONT/0069_cam.png",
  "image_path_raw": "/home/wakamatsu/ITS/waymo_outputs/cam_gray_test/training/segment-15832924468527961_1564_160_1584_160_with_camera_labels/FRONT/0069_cam_raw.png",
  "width": 1920,
  "height": 1280,
  "intrinsic": [
    2084.2156571134137,
    2084.2156571134137,
    982.6994065605393,
    647.3422876254992
  ],
  "world_to_cam": [
    [
      -0.2999373417206653,
      0.953512635810931,
      0.02917609278898963,
      4282.84867698959
    ],
    [
      -0.953910709860765,
      -0.2994744571934659,
      -0.01921996622292137,
      11735.848190233502
    ],
    [
      -0.009588986102405954,
      -0.033596172960172664,
      0.9993894878914616,
      531.4707092087033
    ],
    [
      0.0,
      0.0,
      0.0,
      1.0
    ]
  ],
  "vehicle_pose": [
    [
      -0.2966973956204514,
      -0.9549697397598421,
      0.0018578415058280117,
      12485.066418368317
    ],
    [
      0.9549613634806693,
      -0.2967026545975221,
      -0.004040917460754368,
      -552.7811664379284
    ],
    [
      0.00441018040248823,
      0.0005752371710134694,
      0.999990109656598,
      -432.663
    ],
    [
      0.0,
      0.0,
      0.0,
      1.0
    ]
  ],
  "pose_xyyaw": {
    "x": 12485.066418368317,
    "y": -552.7811664379284,
    "yaw_deg": 107.25952170688521
  },
  "preprocess": {
    "grayscale": true,
    "clahe": {
      "enabled": true,
      "clip_limit": 2.0,
      "tile_grid": 8
    }
  }
}