{
  "segment_id": "segment-15832924468527961_1564_160_1584_160_with_camera_labels",
  "frame_index": 70,
  "timestamp_us": 1507678833885646,
  "camera_name": "FRONT",
  "image_path": "/home/wakamatsu/ITS/waymo_outputs/cam_gray_test/training/segment-15832924468527961_1564_160_1584_160_with_camera_labels/FRONT/0070_cam.png",
  "image_path_raw": "/home/wakamatsu/ITS/waymo_outputs/cam_gray_test/training/segment-15832924468527961_1564_160_1584_160_with_camera_labels/FRONT/0070_cam_raw.png",
  "width": 1920,
  "height": 1280,
  "intrinsic": [
    2084.2156571134137,
    2084.2156571134137,
    982.6994065605393,
    647.3422876254992
  ],
  "world_to_cam": [
    [
      -0.2909217162932744,
      0.9562256861024487,
      0.03157518371881391,
      4171.276168617866
    ],
    [
      -0.9567108813239402,
      -0.2904660952805815,
      -0.01826847144185856,
      11776.187542843423
    ],
    [
      -0.00829726131596333,
      -0.03552301690951194,
      0.9993344138596955,
      514.2982194894415
    ],
    [
      0.0,
      0.0,
      0.0,
      1.0
    ]
  ],
  "vehicle_pose": [
    [
      -0.28770812980009214,
      -0.9577120045708447,
      0.003427586297621949,
      12484.60421344527
    ],
    [
      0.957693947443344,
      -0.28772445727567597,
      -0.006077805179761865,
      -551.3014699745354
    ],
    [
      0.006806987389349617,
      0.0015339446900136825,
      0.9999756556718614,
      -432.658
    ],
    [
      0.0,
      0.0,
      0.0,
      1.0
    ]
  ],
  "pose_xyyaw": {
    "x": 12484.60421344527,
    "y": -551.3014699745354,
    "yaw_deg": 106.72119351726148
  },
  "preprocess": {
    "grayscale": true,
    "clahe": {
      "enabled": true,
      "clip_limit": 2.0,
      "tile_grid": 8
    }
  }
}