{
  "segment_id": "segment-15832924468527961_1564_160_1584_160_with_camera_labels",
  "frame_index": 71,
  "timestamp_us": 1507678833985832,
  "camera_name": "FRONT",
  "image_path": "/home/wakamatsu/ITS/waymo_outputs/cam_gray_test/training/segment-15832924468527961_1564_160_1584_160_with_camera_labels/FRONT/0071_cam.png",
  "image_path_raw": "/home/wakamatsu/ITS/waymo_outputs/cam_gray_test/training/segment-15832924468527961_1564_160_1584_160_with_camera_labels/FRONT/0071_cam_raw.png",
  "width": 1920,
  "height": 1280,
  "intrinsic": [
    2084.2156571134137,
    2084.2156571134137,
    982.6994065605393,
    647.3422876254992
  ],
  "world_to_cam": [
    [
      -0.2819492424826521,
      0.9588906483416985,
      0.032145749117047324,
      4059.4240386427355
    ],
    [
      -0.9593806210879484,
      -0.2814390519053094,
      -0.019516248193316904,
      11813.942996551168
    ],
    [
      -0.009666878728999413,
      -0.03634260014745935,
      0.9992926332512218,
      530.9660695837654
    ],
    [
      0.0,
      0.0,
      0.0,
      1.0
    ]
  ],
  "vehicle_pose": [
    [
      -0.27869631716648435,
      -0.9603764453319319,
      0.002333677235896151,
      12484.155985183936
    ],
    [
      0.9603509075815033,
      -0.2787059391725349,
      -0.007009549011050973,
      -549.8167629347092
    ],
    [
      0.007382215468369093,
      0.00028761355711728366,
      0.9999727097142304,
      -432.647
    ],
    [
      0.0,
      0.0,
      0.0,
      1.0
    ]
  ],
  "pose_xyyaw": {
    "x": 12484.155985183936,
    "y": -549.8167629347092,
    "yaw_deg": 106.18286532763776
  },
  "preprocess": {
    "grayscale": true,
    "clahe": {
      "enabled": true,
      "clip_limit": 2.0,
      "tile_grid": 8
    }
  }
}