{
  "segment_id": "segment-15832924468527961_1564_160_1584_160_with_camera_labels",
  "frame_index": 72,
  "timestamp_us": 1507678834086053,
  "camera_name": "FRONT",
  "image_path": "/home/wakamatsu/ITS/waymo_outputs/cam_gray_test/training/segment-15832924468527961_1564_160_1584_160_with_camera_labels/FRONT/0072_cam.png",
  "image_path_raw": "/home/wakamatsu/ITS/waymo_outputs/cam_gray_test/training/segment-15832924468527961_1564_160_1584_160_with_camera_labels/FRONT/0072_cam_raw.png",
  "width": 1920,
  "height": 1280,
  "intrinsic": [
    2084.2156571134137,
    2084.2156571134137,
    982.6994065605393,
    647.3422876254992
  ],
  "world_to_cam": [
    [
      -0.2726684563682699,
      0.9615677661887954,
      0.03223885743067161,
      3943.5212178677975
    ],
    [
      -0.9620482121148326,
      -0.2721246473001573,
      -0.020283340415694386,
      11852.022062855263
    ],
    [
      -0.010730818626684596,
      -0.036545962272942135,
      0.9992743578082779,
      544.1675518322539
    ],
    [
      0.0,
      0.0,
      0.0,
      1.0
    ]
  ],
  "vehicle_pose": [
    [
      -0.269383885408318,
      -0.9630316250415512,
      0.0015528851043855405,
      12483.720750414102
    ],
    [
      0.9630038424112023,
      -0.2693879347484646,
      -0.007330764845311733,
      -548.3262625360599
    ],
    [
      0.007478086892950109,
      -0.00047935559469838537,
      0.9999719238231818,
      -432.636
    ],
    [
      0.0,
      0.0,
      0.0,
      1.0
    ]
  ],
  "pose_xyyaw": {
    "x": 12483.720750414102,
    "y": -548.3262625360599,
    "yaw_deg": 105.6280558915468
  },
  "preprocess": {
    "grayscale": true,
    "clahe": {
      "enabled": true,
      "clip_limit": 2.0,
      "tile_grid": 8
    }
  }
}