{
  "segment_id": "segment-15832924468527961_1564_160_1584_160_with_camera_labels",
  "frame_index": 73,
  "timestamp_us": 1507678834186274,
  "camera_name": "FRONT",
  "image_path": "/home/wakamatsu/ITS/waymo_outputs/cam_gray_test/training/segment-15832924468527961_1564_160_1584_160_with_camera_labels/FRONT/0073_cam.png",
  "image_path_raw": "/home/wakamatsu/ITS/waymo_outputs/cam_gray_test/training/segment-15832924468527961_1564_160_1584_160_with_camera_labels/FRONT/0073_cam_raw.png",
  "width": 1920,
  "height": 1280,
  "intrinsic": [
    2084.2156571134137,
    2084.2156571134137,
    982.6994065605393,
    647.3422876254992
  ],
  "world_to_cam": [
    [
      -0.2633043509060641,
      0.964180625457093,
      0.03203966740003519,
      3826.414041386685
    ],
    [
      -0.9646228721985368,
      -0.26268105531612085,
      -0.022391462869911755,
      11888.41661877323
    ],
    [
      -0.013173201030192037,
      -0.03680196558850711,
      0.9992357490119339,
      574.537049842627
    ],
    [
      0.0,
      0.0,
      0.0,
      1.0
    ]
  ],
  "vehicle_pose": [
    [
      -0.2599542162160724,
      -0.9656207531550804,
      -0.0006054318314332168,
      12483.299395712871
    ],
    [
      0.9655934520574205,
      -0.2599420332203955,
      -0.007708742379964673,
      -546.8291775370105
    ],
    [
      0.007286344441580877,
      -0.0025885210954943827,
      0.9999701039247207,
      -432.623
    ],
    [
      0.0,
      0.0,
      0.0,
      1.0
    ]
  ],
  "pose_xyyaw": {
    "x": 12483.299395712871,
    "y": -546.8291775370105,
    "yaw_deg": 105.06775498336313
  },
  "preprocess": {
    "grayscale": true,
    "clahe": {
      "enabled": true,
      "clip_limit": 2.0,
      "tile_grid": 8
    }
  }
}