{
  "segment_id": "segment-15832924468527961_1564_160_1584_160_with_camera_labels",
  "frame_index": 74,
  "timestamp_us": 1507678834286492,
  "camera_name": "FRONT",
  "image_path": "/home/wakamatsu/ITS/waymo_outputs/cam_gray_test/training/segment-15832924468527961_1564_160_1584_160_with_camera_labels/FRONT/0074_cam.png",
  "image_path_raw": "/home/wakamatsu/ITS/waymo_outputs/cam_gray_test/training/segment-15832924468527961_1564_160_1584_160_with_camera_labels/FRONT/0074_cam_raw.png",
  "width": 1920,
  "height": 1280,
  "intrinsic": [
    2084.2156571134137,
    2084.2156571134137,
    982.6994065605393,
    647.3422876254992
  ],
  "world_to_cam": [
    [
      -0.2541125243968991,
      0.9667379078208482,
      0.029062734331182997,
      3710.225235653461
    ],
    [
      -0.9670433040492346,
      -0.25346804758306357,
      -0.024108026629521766,
      11922.913101337794
    ],
    [
      -0.015939668697162936,
      -0.03423107413738777,
      0.9992868259540028,
      610.5305108933521
    ],
    [
      0.0,
      0.0,
      0.0,
      1.0
    ]
  ],
  "vehicle_pose": [
    [
      -0.2506891950097606,
      -0.9680626780071573,
      -0.003094988686429757,
      12482.891391174273
    ],
    [
      0.9680580118228184,
      -0.2506711761352984,
      -0.005258060535809892,
      -545.3283525779025
    ],
    [
      0.004314307709267083,
      -0.004314267557434079,
      0.9999813867489897,
      -432.60900000000004
    ],
    [
      0.0,
      0.0,
      0.0,
      1.0
    ]
  ],
  "pose_xyyaw": {
    "x": 12482.891391174273,
    "y": -545.3283525779025,
    "yaw_deg": 104.51843701936487
  },
  "preprocess": {
    "grayscale": true,
    "clahe": {
      "enabled": true,
      "clip_limit": 2.0,
      "tile_grid": 8
    }
  }
}