{
  "segment_id": "segment-15832924468527961_1564_160_1584_160_with_camera_labels",
  "frame_index": 75,
  "timestamp_us": 1507678834386718,
  "camera_name": "FRONT",
  "image_path": "/home/wakamatsu/ITS/waymo_outputs/cam_gray_test/training/segment-15832924468527961_1564_160_1584_160_with_camera_labels/FRONT/0075_cam.png",
  "image_path_raw": "/home/wakamatsu/ITS/waymo_outputs/cam_gray_test/training/segment-15832924468527961_1564_160_1584_160_with_camera_labels/FRONT/0075_cam_raw.png",
  "width": 1920,
  "height": 1280,
  "intrinsic": [
    2084.2156571134137,
    2084.2156571134137,
    982.6994065605393,
    647.3422876254992
  ],
  "world_to_cam": [
    [
      -0.24485986042349386,
      0.9692201399613544,
      0.025611892680558468,
      3593.0291950712635
    ],
    [
      -0.9694043805493473,
      -0.24426455226201937,
      -0.02428941086095244,
      11957.312972118023
    ],
    [
      -0.017285708696031656,
      -0.030775782711874852,
      0.9993768335684731,
      629.2867487921276
    ],
    [
      0.0,
      0.0,
      0.0,
      1.0
    ]
  ],
  "vehicle_pose": [
    [
      -0.24139880629774887,
      -0.9704170615078971,
      -0.004164499057514885,
      12482.49748813509
    ],
    [
      0.970425613730175,
      -0.24139267228141573,
      -0.0019250935691518612,
      -543.8218568696699
    ],
    [
      0.0008628640882971438,
      -0.00450605184337235,
      0.9999894754257916,
      -432.6
    ],
    [
      0.0,
      0.0,
      0.0,
      1.0
    ]
  ],
  "pose_xyyaw": {
    "x": 12482.49748813509,
    "y": -543.8218568696699,
    "yaw_deg": 103.96911905536659
  },
  "preprocess": {
    "grayscale": true,
    "clahe": {
      "enabled": true,
      "clip_limit": 2.0,
      "tile_grid": 8
    }
  }
}