{
  "segment_id": "segment-15832924468527961_1564_160_1584_160_with_camera_labels",
  "frame_index": 76,
  "timestamp_us": 1507678834486982,
  "camera_name": "FRONT",
  "image_path": "/home/wakamatsu/ITS/waymo_outputs/cam_gray_test/training/segment-15832924468527961_1564_160_1584_160_with_camera_labels/FRONT/0076_cam.png",
  "image_path_raw": "/home/wakamatsu/ITS/waymo_outputs/cam_gray_test/training/segment-15832924468527961_1564_160_1584_160_with_camera_labels/FRONT/0076_cam_raw.png",
  "width": 1920,
  "height": 1280,
  "intrinsic": [
    2084.2156571134137,
    2084.2156571134137,
    982.6994065605393,
    647.3422876254992
  ],
  "world_to_cam": [
    [
      -0.2358264295259942,
      0.9714872089292599,
      0.024464219257069153,
      3479.445688635122
    ],
    [
      -0.9716432150953678,
      -0.23526962143976313,
      -0.023614990720464385,
      11990.429920213002
    ],
    [
      -0.017185973820484295,
      -0.029339531598633284,
      0.9994217499081227,
      628.8791928755064
    ],
    [
      0.0,
      0.0,
      0.0,
      1.0
    ]
  ],
  "vehicle_pose": [
    [
      -0.23236385405853155,
      -0.9726215212361459,
      -0.00379680857443507,
      12482.117870428005
    ],
    [
      0.9726288894542455,
      -0.23236322782171062,
      -0.000611355278804023,
      -542.3081182270472
    ],
    [
      -0.0002876213944907634,
      -0.0038349425760050696,
      0.9999926052173448,
      -432.599
    ],
    [
      0.0,
      0.0,
      0.0,
      1.0
    ]
  ],
  "pose_xyyaw": {
    "x": 12482.117870428005,
    "y": -542.3081182270472,
    "yaw_deg": 103.43628233783555
  },
  "preprocess": {
    "grayscale": true,
    "clahe": {
      "enabled": true,
      "clip_limit": 2.0,
      "tile_grid": 8
    }
  }
}