{
  "segment_id": "segment-15832924468527961_1564_160_1584_160_with_camera_labels",
  "frame_index": 77,
  "timestamp_us": 1507678834587173,
  "camera_name": "FRONT",
  "image_path": "/home/wakamatsu/ITS/waymo_outputs/cam_gray_test/training/segment-15832924468527961_1564_160_1584_160_with_camera_labels/FRONT/0077_cam.png",
  "image_path_raw": "/home/wakamatsu/ITS/waymo_outputs/cam_gray_test/training/segment-15832924468527961_1564_160_1584_160_with_camera_labels/FRONT/0077_cam_raw.png",
  "width": 1920,
  "height": 1280,
  "intrinsic": [
    2084.2156571134137,
    2084.2156571134137,
    982.6994065605393,
    647.3422876254992
  ],
  "world_to_cam": [
    [
      -0.226925708098751,
      0.9735997647003147,
      0.024662140608070905,
      3368.0132146708065
    ],
    [
      -0.9737850565444035,
      -0.2264143950731112,
      -0.021890302750083565,
      12022.700067402817
    ],
    [
      -0.01572852995971563,
      -0.028983096438595105,
      0.9994561488460298,
      610.9336922819542
    ],
    [
      0.0,
      0.0,
      0.0,
      1.0
    ]
  ],
  "vehicle_pose": [
    [
      -0.22349557807261222,
      -0.9747027297698466,
      -0.0020772966081193164,
      12481.750993847225
    ],
    [
      0.9747049386302519,
      -0.22349527905762487,
      -0.0003779533719374753,
      -540.7873259807885
    ],
    [
      -9.587380176390885e-05,
      -0.0021092221702794277,
      0.9999977709925411,
      -432.599
    ],
    [
      0.0,
      0.0,
      0.0,
      1.0
    ]
  ],
  "pose_xyyaw": {
    "x": 12481.750993847225,
    "y": -540.7873259807885,
    "yaw_deg": 102.9144285644899
  },
  "preprocess": {
    "grayscale": true,
    "clahe": {
      "enabled": true,
      "clip_limit": 2.0,
      "tile_grid": 8
    }
  }
}