{
  "segment_id": "segment-15832924468527961_1564_160_1584_160_with_camera_labels",
  "frame_index": 78,
  "timestamp_us": 1507678834687434,
  "camera_name": "FRONT",
  "image_path": "/home/wakamatsu/ITS/waymo_outputs/cam_gray_test/training/segment-15832924468527961_1564_160_1584_160_with_camera_labels/FRONT/0078_cam.png",
  "image_path_raw": "/home/wakamatsu/ITS/waymo_outputs/cam_gray_test/training/segment-15832924468527961_1564_160_1584_160_with_camera_labels/FRONT/0078_cam_raw.png",
  "width": 1920,
  "height": 1280,
  "intrinsic": [
    2084.2156571134137,
    2084.2156571134137,
    982.6994065605393,
    647.3422876254992
  ],
  "world_to_cam": [
    [
      -0.21853043489403848,
      0.9755514649298318,
      0.02331926881962171,
      3262.1345136573577
    ],
    [
      -0.975689825822723,
      -0.21803139479746786,
      -0.02217373826614003,
      12050.874662282893
    ],
    [
      -0.016547290142104352,
      -0.027598009999456125,
      0.9994821344241342,
      621.9488112023598
    ],
    [
      0.0,
      0.0,
      0.0,
      1.0
    ]
  ],
  "vehicle_pose": [
    [
      -0.2150767954689967,
      -0.9765935435343812,
      -0.002650052404743291,
      12481.39866533713
    ],
    [
      0.9765960802197047,
      -0.2150797663281335,
      0.0008889407987142377,
      -539.261518953646
    ],
    [
      -0.001438106496578116,
      -0.0023968402524999917,
      0.9999960934956238,
      -432.598
    ],
    [
      0.0,
      0.0,
      0.0,
      1.0
    ]
  ],
  "pose_xyyaw": {
    "x": 12481.39866533713,
    "y": -539.261518953646,
    "yaw_deg": 102.42004581198603
  },
  "preprocess": {
    "grayscale": true,
    "clahe": {
      "enabled": true,
      "clip_limit": 2.0,
      "tile_grid": 8
    }
  }
}