{
  "segment_id": "segment-15832924468527961_1564_160_1584_160_with_camera_labels",
  "frame_index": 79,
  "timestamp_us": 1507678834787621,
  "camera_name": "FRONT",
  "image_path": "/home/wakamatsu/ITS/waymo_outputs/cam_gray_test/training/segment-15832924468527961_1564_160_1584_160_with_camera_labels/FRONT/0079_cam.png",
  "image_path_raw": "/home/wakamatsu/ITS/waymo_outputs/cam_gray_test/training/segment-15832924468527961_1564_160_1584_160_with_camera_labels/FRONT/0079_cam_raw.png",
  "width": 1920,
  "height": 1280,
  "intrinsic": [
    2084.2156571134137,
    2084.2156571134137,
    982.6994065605393,
    647.3422876254992
  ],
  "world_to_cam": [
    [
      -0.21012374655576638,
      0.9774447201455064,
      0.021209200669530512,
      3155.749211958454
    ],
    [
      -0.977516450709056,
      -0.20964985006350878,
      -0.022550586722263042,
      12078.01875659408
    ],
    [
      -0.017595446187525433,
      -0.025470756329968224,
      0.9995207055611411,
      636.2290704209577
    ],
    [
      0.0,
      0.0,
      0.0,
      1.0
    ]
  ],
  "vehicle_pose": [
    [
      -0.20664114350445553,
      -0.9784107073062587,
      -0.0034533519423213064,
      12481.058862931832
    ],
    [
      0.978410371117062,
      -0.20665129482858446,
      0.00289621066956917,
      -537.7321821641891
    ],
    [
      -0.00354732318010061,
      -0.002780319070894838,
      0.9999898431104787,
      -432.599
    ],
    [
      0.0,
      0.0,
      0.0,
      1.0
    ]
  ],
  "pose_xyyaw": {
    "x": 12481.058862931832,
    "y": -537.7321821641891,
    "yaw_deg": 101.92566305948218
  },
  "preprocess": {
    "grayscale": true,
    "clahe": {
      "enabled": true,
      "clip_limit": 2.0,
      "tile_grid": 8
    }
  }
}