{
  "segment_id": "segment-15832924468527961_1564_160_1584_160_with_camera_labels",
  "frame_index": 80,
  "timestamp_us": 1507678834887843,
  "camera_name": "FRONT",
  "image_path": "/home/wakamatsu/ITS/waymo_outputs/cam_gray_test/training/segment-15832924468527961_1564_160_1584_160_with_camera_labels/FRONT/0080_cam.png",
  "image_path_raw": "/home/wakamatsu/ITS/waymo_outputs/cam_gray_test/training/segment-15832924468527961_1564_160_1584_160_with_camera_labels/FRONT/0080_cam_raw.png",
  "width": 1920,
  "height": 1280,
  "intrinsic": [
    2084.2156571134137,
    2084.2156571134137,
    982.6994065605393,
    647.3422876254992
  ],
  "world_to_cam": [
    [
      -0.20167081423782857,
      0.9792257330597379,
      0.02111507514241512,
      3049.595053968973
    ],
    [
      -0.9792994308861763,
      -0.20121007366847876,
      -0.022071042574747447,
      12105.00625449945
    ],
    [
      -0.017363967019728945,
      -0.025129066197213067,
      0.9995334024840761,
      633.5680963362385
    ],
    [
      0.0,
      0.0,
      0.0,
      1.0
    ]
  ],
  "vehicle_pose": [
    [
      -0.1981911691063458,
      -0.980158862487322,
      -0.0029773773390309823,
      12480.73146694498
    ],
    [
      0.9801566138165168,
      -0.19820017633385004,
      0.0031148824970769627,
      -536.1965791451034
    ],
    [
      -0.0036431963987249745,
      -0.0023009538869540615,
      0.9999907163225119,
      -432.605
    ],
    [
      0.0,
      0.0,
      0.0,
      1.0
    ]
  ],
  "pose_xyyaw": {
    "x": 12480.73146694498,
    "y": -536.1965791451034,
    "yaw_deg": 101.43128030697831
  },
  "preprocess": {
    "grayscale": true,
    "clahe": {
      "enabled": true,
      "clip_limit": 2.0,
      "tile_grid": 8
    }
  }
}