{
  "segment_id": "segment-15832924468527961_1564_160_1584_160_with_camera_labels",
  "frame_index": 81,
  "timestamp_us": 1507678834988026,
  "camera_name": "FRONT",
  "image_path": "/home/wakamatsu/ITS/waymo_outputs/cam_gray_test/training/segment-15832924468527961_1564_160_1584_160_with_camera_labels/FRONT/0081_cam.png",
  "image_path_raw": "/home/wakamatsu/ITS/waymo_outputs/cam_gray_test/training/segment-15832924468527961_1564_160_1584_160_with_camera_labels/FRONT/0081_cam_raw.png",
  "width": 1920,
  "height": 1280,
  "intrinsic": [
    2084.2156571134137,
    2084.2156571134137,
    982.6994065605393,
    647.3422876254992
  ],
  "world_to_cam": [
    [
      -0.19351850281685085,
      0.9808396706683995,
      0.022452828566354423,
      2947.719837653584
    ],
    [
      -0.9809231875823269,
      -0.1930033177503597,
      -0.023225404209203694,
      12129.162280431896
    ],
    [
      -0.018446927409509355,
      -0.02651904561742919,
      0.9994780893489807,
      646.3570840883134
    ],
    [
      0.0,
      0.0,
      0.0,
      1.0
    ]
  ],
  "vehicle_pose": [
    [
      -0.19000956867439786,
      -0.9817747843805562,
      -0.003825776611570593,
      12480.417439666655
    ],
    [
      0.9817795421341324,
      -0.19001673692328036,
      0.001603226722016033,
      -534.6551443864921
    ],
    [
      -0.0023009691572484854,
      -0.0034514407920777142,
      0.999991396511688,
      -432.612
    ],
    [
      0.0,
      0.0,
      0.0,
      1.0
    ]
  ],
  "pose_xyyaw": {
    "x": 12480.417439666655,
    "y": -534.6551443864921,
    "yaw_deg": 100.95337197075251
  },
  "preprocess": {
    "grayscale": true,
    "clahe": {
      "enabled": true,
      "clip_limit": 2.0,
      "tile_grid": 8
    }
  }
}