{
  "segment_id": "segment-15832924468527961_1564_160_1584_160_with_camera_labels",
  "frame_index": 82,
  "timestamp_us": 1507678835088210,
  "camera_name": "FRONT",
  "image_path": "/home/wakamatsu/ITS/waymo_outputs/cam_gray_test/training/segment-15832924468527961_1564_160_1584_160_with_camera_labels/FRONT/0082_cam.png",
  "image_path_raw": "/home/wakamatsu/ITS/waymo_outputs/cam_gray_test/training/segment-15832924468527961_1564_160_1584_160_with_camera_labels/FRONT/0082_cam_raw.png",
  "width": 1920,
  "height": 1280,
  "intrinsic": [
    2084.2156571134137,
    2084.2156571134137,
    982.6994065605393,
    647.3422876254992
  ],
  "world_to_cam": [
    [
      -0.1855212202721053,
      0.9823567704237205,
      0.023601958211694984,
      2847.6450374545543
    ],
    [
      -0.9824616261149295,
      -0.18497601868565977,
      -0.023516498948846637,
      12152.516993971667
    ],
    [
      -0.01873579569587715,
      -0.027550827825676173,
      0.9994448068031382,
      649.4371266509617
    ],
    [
      0.0,
      0.0,
      0.0,
      1.0
    ]
  ],
  "vehicle_pose": [
    [
      -0.18200292641857013,
      -0.9832903099808296,
      -0.003886009891969176,
      12480.114919703017
    ],
    [
      0.9832973157486798,
      -0.18200600450247784,
      0.0004507399306512232,
      -533.1102895015682
    ],
    [
      -0.0011504853400251943,
      -0.003739067109313882,
      0.9999923478510395,
      -432.616
    ],
    [
      0.0,
      0.0,
      0.0,
      1.0
    ]
  ],
  "pose_xyyaw": {
    "x": 12480.114919703017,
    "y": -533.1102895015682,
    "yaw_deg": 100.48645340890127
  },
  "preprocess": {
    "grayscale": true,
    "clahe": {
      "enabled": true,
      "clip_limit": 2.0,
      "tile_grid": 8
    }
  }
}