{
  "segment_id": "segment-15832924468527961_1564_160_1584_160_with_camera_labels",
  "frame_index": 83,
  "timestamp_us": 1507678835188393,
  "camera_name": "FRONT",
  "image_path": "/home/wakamatsu/ITS/waymo_outputs/cam_gray_test/training/segment-15832924468527961_1564_160_1584_160_with_camera_labels/FRONT/0083_cam.png",
  "image_path_raw": "/home/wakamatsu/ITS/waymo_outputs/cam_gray_test/training/segment-15832924468527961_1564_160_1584_160_with_camera_labels/FRONT/0083_cam_raw.png",
  "width": 1920,
  "height": 1280,
  "intrinsic": [
    2084.2156571134137,
    2084.2156571134137,
    982.6994065605393,
    647.3422876254992
  ],
  "world_to_cam": [
    [
      -0.17755828795266465,
      0.9838521020065367,
      0.022540979495977862,
      2747.0320690101257
    ],
    [
      -0.983887568235139,
      -0.17698425621369104,
      -0.025334287533524534,
      12173.77644964573
    ],
    [
      -0.020935793552272403,
      -0.02667610222288894,
      0.99942487367412,
      677.3862607809059
    ],
    [
      0.0,
      0.0,
      0.0,
      1.0
    ]
  ],
  "vehicle_pose": [
    [
      -0.1739835122160379,
      -0.9847311327822291,
      -0.00585948857832877,
      12479.826004088727
    ],
    [
      0.9847460967328242,
      -0.17399332008202975,
      0.001203966901355396,
      -531.5637776630607
    ],
    [
      -0.0022050955623301644,
      -0.0055606381162701495,
      0.9999821082685934,
      -432.616
    ],
    [
      0.0,
      0.0,
      0.0,
      1.0
    ]
  ],
  "pose_xyyaw": {
    "x": 12479.826004088727,
    "y": -531.5637776630607,
    "yaw_deg": 100.01953484705002
  },
  "preprocess": {
    "grayscale": true,
    "clahe": {
      "enabled": true,
      "clip_limit": 2.0,
      "tile_grid": 8
    }
  }
}