{
  "segment_id": "segment-15832924468527961_1564_160_1584_160_with_camera_labels",
  "frame_index": 84,
  "timestamp_us": 1507678835288542,
  "camera_name": "FRONT",
  "image_path": "/home/wakamatsu/ITS/waymo_outputs/cam_gray_test/training/segment-15832924468527961_1564_160_1584_160_with_camera_labels/FRONT/0084_cam.png",
  "image_path_raw": "/home/wakamatsu/ITS/waymo_outputs/cam_gray_test/training/segment-15832924468527961_1564_160_1584_160_with_camera_labels/FRONT/0084_cam_raw.png",
  "width": 1920,
  "height": 1280,
  "intrinsic": [
    2084.2156571134137,
    2084.2156571134137,
    982.6994065605393,
    647.3422876254992
  ],
  "world_to_cam": [
    [
      -0.16965749072512146,
      0.9852893296480871,
      0.020524929292896534,
      2646.750334749658
    ],
    [
      -0.985249973554173,
      -0.1691051288264396,
      -0.02619055203874507,
      12194.585965032411
    ],
    [
      -0.022334400649139635,
      -0.024665609382626786,
      0.9994462378044291,
      695.9526001670412
    ],
    [
      0.0,
      0.0,
      0.0,
      1.0
    ]
  ],
  "vehicle_pose": [
    [
      -0.16604630630810893,
      -0.9860928638339725,
      -0.0070347748470092905,
      12479.549168767673
    ],
    [
      0.9861089336213235,
      -0.16607107897583143,
      0.003093179597037006,
      -530.0149574688143
    ],
    [
      -0.0042184349763899065,
      -0.006423443275814841,
      0.9999704716554546,
      -432.618
    ],
    [
      0.0,
      0.0,
      0.0,
      1.0
    ]
  ],
  "pose_xyyaw": {
    "x": 12479.549168767673,
    "y": -530.0149574688143,
    "yaw_deg": 99.55810775729148
  },
  "preprocess": {
    "grayscale": true,
    "clahe": {
      "enabled": true,
      "clip_limit": 2.0,
      "tile_grid": 8
    }
  }
}