{
  "segment_id": "segment-15832924468527961_1564_160_1584_160_with_camera_labels",
  "frame_index": 85,
  "timestamp_us": 1507678835388659,
  "camera_name": "FRONT",
  "image_path": "/home/wakamatsu/ITS/waymo_outputs/cam_gray_test/training/segment-15832924468527961_1564_160_1584_160_with_camera_labels/FRONT/0085_cam.png",
  "image_path_raw": "/home/wakamatsu/ITS/waymo_outputs/cam_gray_test/training/segment-15832924468527961_1564_160_1584_160_with_camera_labels/FRONT/0085_cam_raw.png",
  "width": 1920,
  "height": 1280,
  "intrinsic": [
    2084.2156571134137,
    2084.2156571134137,
    982.6994065605393,
    647.3422876254992
  ],
  "world_to_cam": [
    [
      -0.16172689106201538,
      0.9866396762048225,
      0.01966118119182491,
      2546.547867707823
    ],
    [
      -0.986568597014437,
      -0.16118765495012868,
      -0.026475333362273056,
      12215.103871873269
    ],
    [
      -0.02295247464610799,
      -0.023678877298576217,
      0.9994560994248315,
      704.2298106431597
    ],
    [
      0.0,
      0.0,
      0.0,
      1.0
    ]
  ],
  "vehicle_pose": [
    [
      -0.1580988218120517,
      -0.9873953397323918,
      -0.007430048209520152,
      12479.284473346419
    ],
    [
      0.9874102202423204,
      -0.1581309747014343,
      0.003956235709212457,
      -528.4627199685369
    ],
    [
      -0.005081289467609322,
      -0.0067110293345360944,
      0.9999645706636897,
      -432.624
    ],
    [
      0.0,
      0.0,
      0.0,
      1.0
    ]
  ],
  "pose_xyyaw": {
    "x": 12479.284473346419,
    "y": -528.4627199685369,
    "yaw_deg": 99.09668066753292
  },
  "preprocess": {
    "grayscale": true,
    "clahe": {
      "enabled": true,
      "clip_limit": 2.0,
      "tile_grid": 8
    }
  }
}