{
  "segment_id": "segment-15832924468527961_1564_160_1584_160_with_camera_labels",
  "frame_index": 86,
  "timestamp_us": 1507678835488769,
  "camera_name": "FRONT",
  "image_path": "/home/wakamatsu/ITS/waymo_outputs/cam_gray_test/training/segment-15832924468527961_1564_160_1584_160_with_camera_labels/FRONT/0086_cam.png",
  "image_path_raw": "/home/wakamatsu/ITS/waymo_outputs/cam_gray_test/training/segment-15832924468527961_1564_160_1584_160_with_camera_labels/FRONT/0086_cam_raw.png",
  "width": 1920,
  "height": 1280,
  "intrinsic": [
    2084.2156571134137,
    2084.2156571134137,
    982.6994065605393,
    647.3422876254992
  ],
  "world_to_cam": [
    [
      -0.15375307826657295,
      0.98790199608689,
      0.02023949236248883,
      2446.3817410972997
    ],
    [
      -0.9878598036666584,
      -0.1532217363433595,
      -0.025614601531104182,
      12235.788159370299
    ],
    [
      -0.022203585819059433,
      -0.023932104785499984,
      0.9994669855164359,
      694.7957352574794
    ],
    [
      0.0,
      0.0,
      0.0,
      1.0
    ]
  ],
  "vehicle_pose": [
    [
      -0.15014216370184458,
      -0.9886433220466913,
      -0.006458517741005108,
      12479.032094667164
    ],
    [
      0.9886541489118407,
      -0.1501671742429979,
      0.003576816919718854,
      -526.9065870201986
    ],
    [
      -0.004506053520828668,
      -0.005848209328973473,
      0.999972746593282,
      -432.633
    ],
    [
      0.0,
      0.0,
      0.0,
      1.0
    ]
  ],
  "pose_xyyaw": {
    "x": 12479.032094667164,
    "y": -526.9065870201986,
    "yaw_deg": 98.63525357777438
  },
  "preprocess": {
    "grayscale": true,
    "clahe": {
      "enabled": true,
      "clip_limit": 2.0,
      "tile_grid": 8
    }
  }
}