{
  "segment_id": "segment-15832924468527961_1564_160_1584_160_with_camera_labels",
  "frame_index": 87,
  "timestamp_us": 1507678835588844,
  "camera_name": "FRONT",
  "image_path": "/home/wakamatsu/ITS/waymo_outputs/cam_gray_test/training/segment-15832924468527961_1564_160_1584_160_with_camera_labels/FRONT/0087_cam.png",
  "image_path_raw": "/home/wakamatsu/ITS/waymo_outputs/cam_gray_test/training/segment-15832924468527961_1564_160_1584_160_with_camera_labels/FRONT/0087_cam_raw.png",
  "width": 1920,
  "height": 1280,
  "intrinsic": [
    2084.2156571134137,
    2084.2156571134137,
    982.6994065605393,
    647.3422876254992
  ],
  "world_to_cam": [
    [
      -0.14584538483743492,
      0.9891041182034956,
      0.02005410368243275,
      2346.678657917275
    ],
    [
      -0.9890905293049141,
      -0.14535903482667337,
      -0.023888822356549544,
      12256.025327772128
    ],
    [
      -0.020713487416302436,
      -0.02331939851589713,
      0.9995134601854602,
      676.5820632712082
    ],
    [
      0.0,
      0.0,
      0.0,
      1.0
    ]
  ],
  "vehicle_pose": [
    [
      -0.14227019326737123,
      -0.9898164674617235,
      -0.0047489840239473636,
      12478.792529621818
    ],
    [
      0.9898167117151812,
      -0.14228972415948296,
      0.004063447792724952,
      -525.348485321927
    ],
    [
      -0.004697799166715411,
      -0.004122516247768657,
      0.9999804675806303,
      -432.64
    ],
    [
      0.0,
      0.0,
      0.0,
      1.0
    ]
  ],
  "pose_xyyaw": {
    "x": 12478.792529621818,
    "y": -525.348485321927,
    "yaw_deg": 98.17932479029768
  },
  "preprocess": {
    "grayscale": true,
    "clahe": {
      "enabled": true,
      "clip_limit": 2.0,
      "tile_grid": 8
    }
  }
}