{
  "segment_id": "segment-15832924468527961_1564_160_1584_160_with_camera_labels",
  "frame_index": 88,
  "timestamp_us": 1507678835688880,
  "camera_name": "FRONT",
  "image_path": "/home/wakamatsu/ITS/waymo_outputs/cam_gray_test/training/segment-15832924468527961_1564_160_1584_160_with_camera_labels/FRONT/0088_cam.png",
  "image_path_raw": "/home/wakamatsu/ITS/waymo_outputs/cam_gray_test/training/segment-15832924468527961_1564_160_1584_160_with_camera_labels/FRONT/0088_cam_raw.png",
  "width": 1920,
  "height": 1280,
  "intrinsic": [
    2084.2156571134137,
    2084.2156571134137,
    982.6994065605393,
    647.3422876254992
  ],
  "world_to_cam": [
    [
      -0.1381549619721931,
      0.9902409878142425,
      0.018330099157806302,
      2248.9881439505507
    ],
    [
      -0.9901933127944412,
      -0.13771330883501043,
      -0.023499954614480248,
      12273.961504681793
    ],
    [
      -0.020746319664737445,
      -0.021396976945030607,
      0.9995557811337905,
      678.0546626308715
    ],
    [
      0.0,
      0.0,
      0.0,
      1.0
    ]
  ],
  "vehicle_pose": [
    [
      -0.1345780002472503,
      -0.9908924670557534,
      -0.0045695275044347955,
      12478.565655082204
    ],
    [
      0.9908821829519793,
      -0.13460363541773296,
      0.0058618120620156835,
      -523.7898060378066
    ],
    [
      -0.006423500429786138,
      -0.003738992443522179,
      0.9999723789074055,
      -432.646
    ],
    [
      0.0,
      0.0,
      0.0,
      1.0
    ]
  ],
  "pose_xyyaw": {
    "x": 12478.565655082204,
    "y": -523.7898060378066,
    "yaw_deg": 97.73437894700638
  },
  "preprocess": {
    "grayscale": true,
    "clahe": {
      "enabled": true,
      "clip_limit": 2.0,
      "tile_grid": 8
    }
  }
}