{
  "segment_id": "segment-15832924468527961_1564_160_1584_160_with_camera_labels",
  "frame_index": 89,
  "timestamp_us": 1507678835788954,
  "camera_name": "FRONT",
  "image_path": "/home/wakamatsu/ITS/waymo_outputs/cam_gray_test/training/segment-15832924468527961_1564_160_1584_160_with_camera_labels/FRONT/0089_cam.png",
  "image_path_raw": "/home/wakamatsu/ITS/waymo_outputs/cam_gray_test/training/segment-15832924468527961_1564_160_1584_160_with_camera_labels/FRONT/0089_cam_raw.png",
  "width": 1920,
  "height": 1280,
  "intrinsic": [
    2084.2156571134137,
    2084.2156571134137,
    982.6994065605393,
    647.3422876254992
  ],
  "world_to_cam": [
    [
      -0.13043622221167897,
      0.9912781993688007,
      0.018812851758679642,
      2151.846146524011
    ],
    [
      -0.9912569580055887,
      -0.13000559718454552,
      -0.022543023448440325,
      12291.675478630379
    ],
    [
      -0.019900631664667105,
      -0.02158879702156272,
      0.9995688514066997,
      667.4472988228838
    ],
    [
      0.0,
      0.0,
      0.0,
      1.0
    ]
  ],
  "vehicle_pose": [
    [
      -0.12687943263154192,
      -0.9919119290410123,
      -0.003512065095561606,
      12478.351040212212
    ],
    [
      0.9919003361059691,
      -0.12689757691878825,
      0.005543302716398736,
      -522.2286380824405
    ],
    [
      -0.005944140641289175,
      -0.0027802874451520426,
      0.9999784683650738,
      -432.657
    ],
    [
      0.0,
      0.0,
      0.0,
      1.0
    ]
  ],
  "pose_xyyaw": {
    "x": 12478.351040212212,
    "y": -522.2286380824405,
    "yaw_deg": 97.28943310371507
  },
  "preprocess": {
    "grayscale": true,
    "clahe": {
      "enabled": true,
      "clip_limit": 2.0,
      "tile_grid": 8
    }
  }
}