{
  "segment_id": "segment-15832924468527961_1564_160_1584_160_with_camera_labels",
  "frame_index": 90,
  "timestamp_us": 1507678835889034,
  "camera_name": "FRONT",
  "image_path": "/home/wakamatsu/ITS/waymo_outputs/cam_gray_test/training/segment-15832924468527961_1564_160_1584_160_with_camera_labels/FRONT/0090_cam.png",
  "image_path_raw": "/home/wakamatsu/ITS/waymo_outputs/cam_gray_test/training/segment-15832924468527961_1564_160_1584_160_with_camera_labels/FRONT/0090_cam_raw.png",
  "width": 1920,
  "height": 1280,
  "intrinsic": [
    2084.2156571134137,
    2084.2156571134137,
    982.6994065605393,
    647.3422876254992
  ],
  "world_to_cam": [
    [
      -0.12264009086671324,
      0.9922014935699627,
      0.022262171271910686,
      2054.9612721138305
    ],
    [
      -0.9922488736514418,
      -0.12213130040052084,
      -0.022937266618391176,
      12307.984753407938
    ],
    [
      -0.020039482270002604,
      -0.024902642831902386,
      0.999489008208863,
      667.4616920160855
    ],
    [
      0.0,
      0.0,
      0.0,
      1.0
    ]
  ],
  "vehicle_pose": [
    [
      -0.11907926970140348,
      -0.992878797567685,
      -0.0034381489101143465,
      12478.148899264119
    ],
    [
      0.9928816212887184,
      -0.11908687409230545,
      0.0020982197237849457,
      -520.6644092339401
    ],
    [
      -0.002492716282753782,
      -0.003163820391724981,
      0.9999918882701313,
      -432.669
    ],
    [
      0.0,
      0.0,
      0.0,
      1.0
    ]
  ],
  "pose_xyyaw": {
    "x": 12478.148899264119,
    "y": -520.6644092339401,
    "yaw_deg": 96.8389889581419
  },
  "preprocess": {
    "grayscale": true,
    "clahe": {
      "enabled": true,
      "clip_limit": 2.0,
      "tile_grid": 8
    }
  }
}