{
  "segment_id": "segment-15832924468527961_1564_160_1584_160_with_camera_labels",
  "frame_index": 91,
  "timestamp_us": 1507678835989071,
  "camera_name": "FRONT",
  "image_path": "/home/wakamatsu/ITS/waymo_outputs/cam_gray_test/training/segment-15832924468527961_1564_160_1584_160_with_camera_labels/FRONT/0091_cam.png",
  "image_path_raw": "/home/wakamatsu/ITS/waymo_outputs/cam_gray_test/training/segment-15832924468527961_1564_160_1584_160_with_camera_labels/FRONT/0091_cam_raw.png",
  "width": 1920,
  "height": 1280,
  "intrinsic": [
    2084.2156571134137,
    2084.2156571134137,
    982.6994065605393,
    647.3422876254992
  ],
  "world_to_cam": [
    [
      -0.11515496024091018,
      0.9930148637272617,
      0.02570633285092127,
      1961.8987945085903
    ],
    [
      -0.9931136118672824,
      -0.11452769565662953,
      -0.024673079489656555,
      12321.973109752316
    ],
    [
      -0.021556647601954866,
      -0.02837053655309322,
      0.9993650101939004,
      684.5801362053861
    ],
    [
      0.0,
      0.0,
      0.0,
      1.0
    ]
  ],
  "vehicle_pose": [
    [
      -0.11155617356496979,
      -0.9937467675135246,
      -0.004752072807013845,
      12477.958659607611
    ],
    [
      0.9937576671207154,
      -0.11155023277255348,
      -0.0014982013156976295,
      -519.0996540430872
    ],
    [
      0.0009587378867845129,
      -0.004889542392695099,
      0.99998758652138,
      -432.675
    ],
    [
      0.0,
      0.0,
      0.0,
      1.0
    ]
  ],
  "pose_xyyaw": {
    "x": 12477.958659607611,
    "y": -519.0996540430872,
    "yaw_deg": 96.40503288922514
  },
  "preprocess": {
    "grayscale": true,
    "clahe": {
      "enabled": true,
      "clip_limit": 2.0,
      "tile_grid": 8
    }
  }
}