{
  "segment_id": "segment-15832924468527961_1564_160_1584_160_with_camera_labels",
  "frame_index": 92,
  "timestamp_us": 1507678836089143,
  "camera_name": "FRONT",
  "image_path": "/home/wakamatsu/ITS/waymo_outputs/cam_gray_test/training/segment-15832924468527961_1564_160_1584_160_with_camera_labels/FRONT/0092_cam.png",
  "image_path_raw": "/home/wakamatsu/ITS/waymo_outputs/cam_gray_test/training/segment-15832924468527961_1564_160_1584_160_with_camera_labels/FRONT/0092_cam_raw.png",
  "width": 1920,
  "height": 1280,
  "intrinsic": [
    2084.2156571134137,
    2084.2156571134137,
    982.6994065605393,
    647.3422876254992
  ],
  "world_to_cam": [
    [
      -0.10795628689847449,
      0.9937981538912016,
      0.02665838407581906,
      1871.3213175195285
    ],
    [
      -0.99388072985309,
      -0.10725705369765035,
      -0.026401122301686043,
      12334.56196095072
    ],
    [
      -0.02337808687175871,
      -0.02934542135562157,
      0.9992959077769095,
      706.8126781495354
    ],
    [
      0.0,
      0.0,
      0.0,
      1.0
    ]
  ],
  "vehicle_pose": [
    [
      -0.10431218736763827,
      -0.9945241445533484,
      -0.006379143124994107,
      12477.780319795784
    ],
    [
      0.9945427546649848,
      -0.1042974813106076,
      -0.002597024383288811,
      -517.5379853414228
    ],
    [
      0.0019174748923177283,
      -0.006615231870001787,
      0.9999762807173695,
      -432.67400000000004
    ],
    [
      0.0,
      0.0,
      0.0,
      1.0
    ]
  ],
  "pose_xyyaw": {
    "x": 12477.780319795784,
    "y": -517.5379853414228,
    "yaw_deg": 95.98755123658644
  },
  "preprocess": {
    "grayscale": true,
    "clahe": {
      "enabled": true,
      "clip_limit": 2.0,
      "tile_grid": 8
    }
  }
}