{
  "segment_id": "segment-15832924468527961_1564_160_1584_160_with_camera_labels",
  "frame_index": 93,
  "timestamp_us": 1507678836189185,
  "camera_name": "FRONT",
  "image_path": "/home/wakamatsu/ITS/waymo_outputs/cam_gray_test/training/segment-15832924468527961_1564_160_1584_160_with_camera_labels/FRONT/0093_cam.png",
  "image_path_raw": "/home/wakamatsu/ITS/waymo_outputs/cam_gray_test/training/segment-15832924468527961_1564_160_1584_160_with_camera_labels/FRONT/0093_cam_raw.png",
  "width": 1920,
  "height": 1280,
  "intrinsic": [
    2084.2156571134137,
    2084.2156571134137,
    982.6994065605393,
    647.3422876254992
  ],
  "world_to_cam": [
    [
      -0.1007080432425197,
      0.9946130526248952,
      0.024551284578415926,
      1778.8243277645402
    ],
    [
      -0.9946404646958399,
      -0.10006874724767603,
      -0.026011378547166106,
      12347.921328045468
    ],
    [
      -0.023414440328695312,
      -0.02703925613748098,
      0.9993601165804176,
      708.5208017814651
    ],
    [
      0.0,
      0.0,
      0.0,
      1.0
    ]
  ],
  "vehicle_pose": [
    [
      -0.0970629935087055,
      -0.9952587980820441,
      -0.006220942968244797,
      12477.614242749763
    ],
    [
      0.9952782216666783,
      -0.09706229984648183,
      -0.00041403444999348185,
      -515.9813965376225
    ],
    [
      -0.00019174760264656626,
      -0.006231756477656607,
      0.9999805640331516,
      -432.669
    ],
    [
      0.0,
      0.0,
      0.0,
      1.0
    ]
  ],
  "pose_xyyaw": {
    "x": 12477.614242749763,
    "y": -515.9813965376225,
    "yaw_deg": 95.57006958394776
  },
  "preprocess": {
    "grayscale": true,
    "clahe": {
      "enabled": true,
      "clip_limit": 2.0,
      "tile_grid": 8
    }
  }
}