{
  "segment_id": "segment-15832924468527961_1564_160_1584_160_with_camera_labels",
  "frame_index": 94,
  "timestamp_us": 1507678836289228,
  "camera_name": "FRONT",
  "image_path": "/home/wakamatsu/ITS/waymo_outputs/cam_gray_test/training/segment-15832924468527961_1564_160_1584_160_with_camera_labels/FRONT/0094_cam.png",
  "image_path_raw": "/home/wakamatsu/ITS/waymo_outputs/cam_gray_test/training/segment-15832924468527961_1564_160_1584_160_with_camera_labels/FRONT/0094_cam_raw.png",
  "width": 1920,
  "height": 1280,
  "intrinsic": [
    2084.2156571134137,
    2084.2156571134137,
    982.6994065605393,
    647.3422876254992
  ],
  "world_to_cam": [
    [
      -0.09425604285339693,
      0.9952863812332713,
      0.022821431094430914,
      1696.3566414024579
    ],
    [
      -0.9952343725185677,
      -0.09362624290412644,
      -0.0272519796937812,
      12358.111243518737
    ],
    [
      -0.02498683939979911,
      -0.02528133642109863,
      0.9993680562663446,
      729.0855077184583
    ],
    [
      0.0,
      0.0,
      0.0,
      1.0
    ]
  ],
  "vehicle_pose": [
    [
      -0.09057215840371993,
      -0.9958607353599506,
      -0.007621016364641834,
      12477.459919792498
    ],
    [
      0.9958880496381753,
      -0.0905840724982507,
      0.0012322327308035845,
      -514.4275555451105
    ],
    [
      -0.0019174748923177283,
      -0.007478073145559182,
      0.9999702004120258,
      -432.668
    ],
    [
      0.0,
      0.0,
      0.0,
      1.0
    ]
  ],
  "pose_xyyaw": {
    "x": 12477.459919792498,
    "y": -514.4275555451105,
    "yaw_deg": 95.19653336842893
  },
  "preprocess": {
    "grayscale": true,
    "clahe": {
      "enabled": true,
      "clip_limit": 2.0,
      "tile_grid": 8
    }
  }
}