{
  "segment_id": "segment-15832924468527961_1564_160_1584_160_with_camera_labels",
  "frame_index": 95,
  "timestamp_us": 1507678836389267,
  "camera_name": "FRONT",
  "image_path": "/home/wakamatsu/ITS/waymo_outputs/cam_gray_test/training/segment-15832924468527961_1564_160_1584_160_with_camera_labels/FRONT/0095_cam.png",
  "image_path_raw": "/home/wakamatsu/ITS/waymo_outputs/cam_gray_test/training/segment-15832924468527961_1564_160_1584_160_with_camera_labels/FRONT/0095_cam_raw.png",
  "width": 1920,
  "height": 1280,
  "intrinsic": [
    2084.2156571134137,
    2084.2156571134137,
    982.6994065605393,
    647.3422876254992
  ],
  "world_to_cam": [
    [
      -0.08802571401973348,
      0.9957988684397747,
      0.025220770911695927,
      1618.3592871874055
    ],
    [
      -0.9958270440095283,
      -0.08735964873042047,
      -0.026396783761340983,
      12369.09172957278
    ],
    [
      -0.024082609712436615,
      -0.02743912148305219,
      0.9993333390424222,
      716.7221392363747
    ],
    [
      0.0,
      0.0,
      0.0,
      1.0
    ]
  ],
  "vehicle_pose": [
    [
      -0.08436442525549752,
      -0.9964134308972149,
      -0.006551219653657971,
      12477.315386547618
    ],
    [
      0.9964348518376265,
      -0.08435942913572253,
      -0.0010357409049238748,
      -512.8731909864975
    ],
    [
      0.00047936899847047203,
      -0.00661524327110594,
      0.9999780041390047,
      -432.673
    ],
    [
      0.0,
      0.0,
      0.0,
      1.0
    ]
  ],
  "pose_xyyaw": {
    "x": 12477.315386547618,
    "y": -512.8731909864975,
    "yaw_deg": 94.83947839937734
  },
  "preprocess": {
    "grayscale": true,
    "clahe": {
      "enabled": true,
      "clip_limit": 2.0,
      "tile_grid": 8
    }
  }
}