{
  "segment_id": "segment-15832924468527961_1564_160_1584_160_with_camera_labels",
  "frame_index": 96,
  "timestamp_us": 1507678836489337,
  "camera_name": "FRONT",
  "image_path": "/home/wakamatsu/ITS/waymo_outputs/cam_gray_test/training/segment-15832924468527961_1564_160_1584_160_with_camera_labels/FRONT/0096_cam.png",
  "image_path_raw": "/home/wakamatsu/ITS/waymo_outputs/cam_gray_test/training/segment-15832924468527961_1564_160_1584_160_with_camera_labels/FRONT/0096_cam_raw.png",
  "width": 1920,
  "height": 1280,
  "intrinsic": [
    2084.2156571134137,
    2084.2156571134137,
    982.6994065605393,
    647.3422876254992
  ],
  "world_to_cam": [
    [
      -0.0820273931741846,
      0.9962367691314458,
      0.02799654620817433,
      1543.384048684393
    ],
    [
      -0.9963168356867915,
      -0.08126500817907174,
      -0.027363504393885053,
      12377.90402061681
    ],
    [
      -0.024985389652885114,
      -0.030137987261828033,
      0.9992334221930826,
      726.6034738189945
    ],
    [
      0.0,
      0.0,
      0.0,
      1.0
    ]
  ],
  "vehicle_pose": [
    [
      -0.07834407209937465,
      -0.9968996864696876,
      -0.007295305581450992,
      12477.182234109696
    ],
    [
      0.9969210503844107,
      -0.07831762821790224,
      -0.0038429690040081167,
      -511.3203533775835
    ],
    [
      0.0032597035649443527,
      -0.007573917543861049,
      0.9999660044750059,
      -432.67400000000004
    ],
    [
      0.0,
      0.0,
      0.0,
      1.0
    ]
  ],
  "pose_xyyaw": {
    "x": 12477.182234109696,
    "y": -511.3203533775835,
    "yaw_deg": 94.4934132047003
  },
  "preprocess": {
    "grayscale": true,
    "clahe": {
      "enabled": true,
      "clip_limit": 2.0,
      "tile_grid": 8
    }
  }
}