{
  "segment_id": "segment-15832924468527961_1564_160_1584_160_with_camera_labels",
  "frame_index": 97,
  "timestamp_us": 1507678836589414,
  "camera_name": "FRONT",
  "image_path": "/home/wakamatsu/ITS/waymo_outputs/cam_gray_test/training/segment-15832924468527961_1564_160_1584_160_with_camera_labels/FRONT/0097_cam.png",
  "image_path_raw": "/home/wakamatsu/ITS/waymo_outputs/cam_gray_test/training/segment-15832924468527961_1564_160_1584_160_with_camera_labels/FRONT/0097_cam_raw.png",
  "width": 1920,
  "height": 1280,
  "intrinsic": [
    2084.2156571134137,
    2084.2156571134137,
    982.6994065605393,
    647.3422876254992
  ],
  "world_to_cam": [
    [
      -0.07593098410987256,
      0.9967064673849191,
      0.028472855936521515,
      1466.2104906076438
    ],
    [
      -0.996776650301491,
      -0.07513269680309238,
      -0.028131606509999327,
      12386.436952789743
    ],
    [
      -0.025899711694247207,
      -0.030517138531818793,
      0.9991986335008595,
      737.8417782899983
    ],
    [
      0.0,
      0.0,
      0.0,
      1.0
    ]
  ],
  "vehicle_pose": [
    [
      -0.07222546621133237,
      -0.9973558513162882,
      -0.00804909160823717,
      12477.05779169446
    ],
    [
      0.9973813219572555,
      -0.0721923527911083,
      -0.004331605854810996,
      -509.7710377353186
    ],
    [
      0.003739069583861832,
      -0.008340865881086103,
      0.9999582237848743,
      -432.669
    ],
    [
      0.0,
      0.0,
      0.0,
      1.0
    ]
  ],
  "pose_xyyaw": {
    "x": 12477.05779169446,
    "y": -509.7710377353186,
    "yaw_deg": 94.14184970774141
  },
  "preprocess": {
    "grayscale": true,
    "clahe": {
      "enabled": true,
      "clip_limit": 2.0,
      "tile_grid": 8
    }
  }
}