{
  "segment_id": "segment-15832924468527961_1564_160_1584_160_with_camera_labels",
  "frame_index": 98,
  "timestamp_us": 1507678836689491,
  "camera_name": "FRONT",
  "image_path": "/home/wakamatsu/ITS/waymo_outputs/cam_gray_test/training/segment-15832924468527961_1564_160_1584_160_with_camera_labels/FRONT/0098_cam.png",
  "image_path_raw": "/home/wakamatsu/ITS/waymo_outputs/cam_gray_test/training/segment-15832924468527961_1564_160_1584_160_with_camera_labels/FRONT/0098_cam_raw.png",
  "width": 1920,
  "height": 1280,
  "intrinsic": [
    2084.2156571134137,
    2084.2156571134137,
    982.6994065605393,
    647.3422876254992
  ],
  "world_to_cam": [
    [
      -0.06996739706509397,
      0.9972181678610194,
      0.025699981242161368,
      1389.3146411174769
    ],
    [
      -0.9972472872340693,
      -0.06928911343039099,
      -0.02639823600774018,
      12396.030819096248
    ],
    [
      -0.024544071630954414,
      -0.02747625243628351,
      0.9993210915916027,
      722.562158534112
    ],
    [
      0.0,
      0.0,
      0.0,
      1.0
    ]
  ],
  "vehicle_pose": [
    [
      -0.06629597214818693,
      -0.9977785876586255,
      -0.006537131395747332,
      12476.943049378011
    ],
    [
      0.9977995414403593,
      -0.06628822366447122,
      -0.0013951719670958953,
      -508.22603115919435
    ],
    [
      0.0009587378867845129,
      -0.006615240990884585,
      0.9999776594545985,
      -432.661
    ],
    [
      0.0,
      0.0,
      0.0,
      1.0
    ]
  ],
  "pose_xyyaw": {
    "x": 12476.943049378011,
    "y": -508.22603115919435,
    "yaw_deg": 93.8012691549679
  },
  "preprocess": {
    "grayscale": true,
    "clahe": {
      "enabled": true,
      "clip_limit": 2.0,
      "tile_grid": 8
    }
  }
}