{
  "segment_id": "segment-15832924468527961_1564_160_1584_160_with_camera_labels",
  "frame_index": 99,
  "timestamp_us": 1507678836789605,
  "camera_name": "FRONT",
  "image_path": "/home/wakamatsu/ITS/waymo_outputs/cam_gray_test/training/segment-15832924468527961_1564_160_1584_160_with_camera_labels/FRONT/0099_cam.png",
  "image_path_raw": "/home/wakamatsu/ITS/waymo_outputs/cam_gray_test/training/segment-15832924468527961_1564_160_1584_160_with_camera_labels/FRONT/0099_cam_raw.png",
  "width": 1920,
  "height": 1280,
  "intrinsic": [
    2084.2156571134137,
    2084.2156571134137,
    982.6994065605393,
    647.3422876254992
  ],
  "world_to_cam": [
    [
      -0.06451113089914752,
      0.9976877463367667,
      0.02138866053721938,
      1318.063447113767
    ],
    [
      -0.9976167303500351,
      -0.06395116555805695,
      -0.02590574742159187,
      12403.56085413379
    ],
    [
      -0.024478016991136702,
      -0.023008894654662188,
      0.9994355494232493,
      724.0859100023526
    ],
    [
      0.0,
      0.0,
      0.0,
      1.0
    ]
  ],
  "vehicle_pose": [
    [
      -0.06084192758083295,
      -0.9981273504554496,
      -0.0063286745083682705,
      12476.838498834906
    ],
    [
      0.9981417734731172,
      -0.06086167607111956,
      0.002975976101146224,
      -506.68232988085936
    ],
    [
      -0.0033555768787436814,
      -0.006135850275088585,
      0.9999755454235931,
      -432.656
    ],
    [
      0.0,
      0.0,
      0.0,
      1.0
    ]
  ],
  "pose_xyyaw": {
    "x": 12476.838498834906,
    "y": -506.68232988085936,
    "yaw_deg": 93.48815962303617
  },
  "preprocess": {
    "grayscale": true,
    "clahe": {
      "enabled": true,
      "clip_limit": 2.0,
      "tile_grid": 8
    }
  }
}