{
  "segment_id": "segment-15832924468527961_1564_160_1584_160_with_camera_labels",
  "frame_index": 100,
  "timestamp_us": 1507678836889671,
  "camera_name": "FRONT",
  "image_path": "/home/wakamatsu/ITS/waymo_outputs/cam_gray_test/training/segment-15832924468527961_1564_160_1584_160_with_camera_labels/FRONT/0100_cam.png",
  "image_path_raw": "/home/wakamatsu/ITS/waymo_outputs/cam_gray_test/training/segment-15832924468527961_1564_160_1584_160_with_camera_labels/FRONT/0100_cam_raw.png",
  "width": 1920,
  "height": 1280,
  "intrinsic": [
    2084.2156571134137,
    2084.2156571134137,
    982.6994065605393,
    647.3422876254992
  ],
  "world_to_cam": [
    [
      -0.05888359493392134,
      0.9981102810164407,
      0.01756670649096508,
      1244.8629395607654
    ],
    [
      -0.9980339672759119,
      -0.05848240648405532,
      -0.022539039361464248,
      12412.98760838801
    ],
    [
      -0.021469103641320982,
      -0.01885934943510956,
      0.9995916178758817,
      688.7442512532375
    ],
    [
      0.0,
      0.0,
      0.0,
      1.0
    ]
  ],
  "vehicle_pose": [
    [
      -0.05528959386614213,
      -0.9984653167498959,
      -0.0031736505237598706,
      12476.741461520316
    ],
    [
      0.9984444691134061,
      -0.055310770884137384,
      0.007025718543400916,
      -505.1379229169012
    ],
    [
      -0.007190473347818418,
      -0.002780264687464447,
      0.999970283169106,
      -432.659
    ],
    [
      0.0,
      0.0,
      0.0,
      1.0
    ]
  ],
  "pose_xyyaw": {
    "x": 12476.741461520316,
    "y": -505.1379229169012,
    "yaw_deg": 93.16955861901175
  },
  "preprocess": {
    "grayscale": true,
    "clahe": {
      "enabled": true,
      "clip_limit": 2.0,
      "tile_grid": 8
    }
  }
}