{
  "segment_id": "segment-15832924468527961_1564_160_1584_160_with_camera_labels",
  "frame_index": 101,
  "timestamp_us": 1507678836989773,
  "camera_name": "FRONT",
  "image_path": "/home/wakamatsu/ITS/waymo_outputs/cam_gray_test/training/segment-15832924468527961_1564_160_1584_160_with_camera_labels/FRONT/0101_cam.png",
  "image_path_raw": "/home/wakamatsu/ITS/waymo_outputs/cam_gray_test/training/segment-15832924468527961_1564_160_1584_160_with_camera_labels/FRONT/0101_cam_raw.png",
  "width": 1920,
  "height": 1280,
  "intrinsic": [
    2084.2156571134137,
    2084.2156571134137,
    982.6994065605393,
    647.3422876254992
  ],
  "world_to_cam": [
    [
      -0.05335018910695142,
      0.998471815990069,
      0.01441492267570707,
      1173.0952877572545
    ],
    [
      -0.9984049337564266,
      -0.053068415269225906,
      -0.01926996501394257,
      12421.760270853978
    ],
    [
      -0.018475539858908128,
      -0.015419986196721506,
      0.999710397291443,
      653.2152974877162
    ],
    [
      0.0,
      0.0,
      0.0,
      1.0
    ]
  ],
  "vehicle_pose": [
    [
      -0.04983112074592089,
      -0.9987576573024397,
      -3.721488881612111e-05,
      12476.654494688519
    ],
    [
      0.9987039852938507,
      -0.049828829102657964,
      0.010365208557390966,
      -503.59230117952075
    ],
    [
      -0.010354185790565894,
      0.0004793433014070739,
      0.9999462790903388,
      -432.669
    ],
    [
      0.0,
      0.0,
      0.0,
      1.0
    ]
  ],
  "pose_xyyaw": {
    "x": 12476.654494688519,
    "y": -503.59230117952075,
    "yaw_deg": 92.85644908708002
  },
  "preprocess": {
    "grayscale": true,
    "clahe": {
      "enabled": true,
      "clip_limit": 2.0,
      "tile_grid": 8
    }
  }
}