{
  "segment_id": "segment-15832924468527961_1564_160_1584_160_with_camera_labels",
  "frame_index": 102,
  "timestamp_us": 1507678837089847,
  "camera_name": "FRONT",
  "image_path": "/home/wakamatsu/ITS/waymo_outputs/cam_gray_test/training/segment-15832924468527961_1564_160_1584_160_with_camera_labels/FRONT/0102_cam.png",
  "image_path_raw": "/home/wakamatsu/ITS/waymo_outputs/cam_gray_test/training/segment-15832924468527961_1564_160_1584_160_with_camera_labels/FRONT/0102_cam_raw.png",
  "width": 1920,
  "height": 1280,
  "intrinsic": [
    2084.2156571134137,
    2084.2156571134137,
    982.6994065605393,
    647.3422876254992
  ],
  "world_to_cam": [
    [
      -0.0482814303731189,
      0.9987267787706675,
      0.01461933129428753,
      1108.517984466755
    ],
    [
      -0.99872254504512,
      -0.04805246137823354,
      -0.01562814685404099,
      12429.820628107955
    ],
    [
      -0.014905753913296944,
      -0.015355205041282863,
      0.9997709918668458,
      608.7758017461894
    ],
    [
      0.0,
      0.0,
      0.0,
      1.0
    ]
  ],
  "vehicle_pose": [
    [
      -0.04485161985162724,
      -0.9989869456734798,
      0.0036625907029179242,
      12476.576058552588
    ],
    [
      0.9989419687112248,
      -0.04481170175185429,
      0.010337046650055436,
      -502.0408592941227
    ],
    [
      -0.010162447738004884,
      0.004122348854093083,
      0.9999398636397578,
      -432.687
    ],
    [
      0.0,
      0.0,
      0.0,
      1.0
    ]
  ],
  "pose_xyyaw": {
    "x": 12476.576058552588,
    "y": -502.0408592941227,
    "yaw_deg": 92.57080374580093
  },
  "preprocess": {
    "grayscale": true,
    "clahe": {
      "enabled": true,
      "clip_limit": 2.0,
      "tile_grid": 8
    }
  }
}