{
  "segment_id": "segment-15832924468527961_1564_160_1584_160_with_camera_labels",
  "frame_index": 103,
  "timestamp_us": 1507678837189961,
  "camera_name": "FRONT",
  "image_path": "/home/wakamatsu/ITS/waymo_outputs/cam_gray_test/training/segment-15832924468527961_1564_160_1584_160_with_camera_labels/FRONT/0103_cam.png",
  "image_path_raw": "/home/wakamatsu/ITS/waymo_outputs/cam_gray_test/training/segment-15832924468527961_1564_160_1584_160_with_camera_labels/FRONT/0103_cam_raw.png",
  "width": 1920,
  "height": 1280,
  "intrinsic": [
    2084.2156571134137,
    2084.2156571134137,
    982.6994065605393,
    647.3422876254992
  ],
  "world_to_cam": [
    [
      -0.04387995188149649,
      0.9988800164217292,
      0.01769922642952403,
      1053.4557064213982
    ],
    [
      -0.9989739301056076,
      -0.04367153417834244,
      -0.011995168688533047,
      12436.726061374782
    ],
    [
      -0.01120878192463612,
      -0.01820741321099392,
      0.9997714005271057,
      561.2640318038378
    ],
    [
      0.0,
      0.0,
      0.0,
      1.0
    ]
  ],
  "vehicle_pose": [
    [
      -0.040542550344878255,
      -0.9991498764285982,
      0.007471682825830747,
      12476.5059355064
    ],
    [
      0.9991526250968541,
      -0.04048729892744324,
      0.007403403786441282,
      -500.48541661073523
    ],
    [
      -0.00709460172231337,
      0.00776550438005513,
      0.9999446802539254,
      -432.705
    ],
    [
      0.0,
      0.0,
      0.0,
      1.0
    ]
  ],
  "pose_xyyaw": {
    "x": 12476.5059355064,
    "y": -500.48541661073523,
    "yaw_deg": 92.323612369549
  },
  "preprocess": {
    "grayscale": true,
    "clahe": {
      "enabled": true,
      "clip_limit": 2.0,
      "tile_grid": 8
    }
  }
}