{
  "segment_id": "segment-15832924468527961_1564_160_1584_160_with_camera_labels",
  "frame_index": 104,
  "timestamp_us": 1507678837290027,
  "camera_name": "FRONT",
  "image_path": "/home/wakamatsu/ITS/waymo_outputs/cam_gray_test/training/segment-15832924468527961_1564_160_1584_160_with_camera_labels/FRONT/0104_cam.png",
  "image_path_raw": "/home/wakamatsu/ITS/waymo_outputs/cam_gray_test/training/segment-15832924468527961_1564_160_1584_160_with_camera_labels/FRONT/0104_cam_raw.png",
  "width": 1920,
  "height": 1280,
  "intrinsic": [
    2084.2156571134137,
    2084.2156571134137,
    982.6994065605393,
    647.3422876254992
  ],
  "world_to_cam": [
    [
      -0.03960609007011687,
      0.998983153423709,
      0.021541049300811056,
      1000.2882908967716
    ],
    [
      -0.999176199455487,
      -0.039404447254275145,
      -0.009706285503427423,
      12442.37438365019
    ],
    [
      -0.008847602559269214,
      -0.021907731790562684,
      0.9997208466450751,
      529.9795065508542
    ],
    [
      0.0,
      0.0,
      0.0,
      1.0
    ]
  ],
  "vehicle_pose": [
    [
      -0.03632803886436309,
      -0.9992904681544753,
      0.009941521406654354,
      12476.44331992278
    ],
    [
      0.9993346025856096,
      -0.03629359873990905,
      0.003623087849950356,
      -498.9274414333769
    ],
    [
      -0.0032597035649443527,
      0.010066526020237256,
      0.9999440181262912,
      -432.72
    ],
    [
      0.0,
      0.0,
      0.0,
      1.0
    ]
  ],
  "pose_xyyaw": {
    "x": 12476.44331992278,
    "y": -498.9274414333769,
    "yaw_deg": 92.08191246538975
  },
  "preprocess": {
    "grayscale": true,
    "clahe": {
      "enabled": true,
      "clip_limit": 2.0,
      "tile_grid": 8
    }
  }
}