{
  "segment_id": "segment-15832924468527961_1564_160_1584_160_with_camera_labels",
  "frame_index": 105,
  "timestamp_us": 1507678837390107,
  "camera_name": "FRONT",
  "image_path": "/home/wakamatsu/ITS/waymo_outputs/cam_gray_test/training/segment-15832924468527961_1564_160_1584_160_with_camera_labels/FRONT/0105_cam.png",
  "image_path_raw": "/home/wakamatsu/ITS/waymo_outputs/cam_gray_test/training/segment-15832924468527961_1564_160_1584_160_with_camera_labels/FRONT/0105_cam_raw.png",
  "width": 1920,
  "height": 1280,
  "intrinsic": [
    2084.2156571134137,
    2084.2156571134137,
    982.6994065605393,
    647.3422876254992
  ],
  "world_to_cam": [
    [
      -0.035674617446154806,
      0.9990698001547869,
      0.02422511277053437,
      950.8826824144252
    ],
    [
      -0.9993251438973192,
      -0.03545050536629859,
      -0.009618650834507586,
      12446.241794591499
    ],
    [
      -0.008750911076719152,
      -0.024551905994212246,
      0.9996602550203637,
      527.4724497553353
    ],
    [
      0.0,
      0.0,
      0.0,
      1.0
    ]
  ],
  "vehicle_pose": [
    [
      -0.03239974353348702,
      -0.9994235678287545,
      0.01013847559583997,
      12476.386541228336
    ],
    [
      0.9994748249529477,
      -0.03239223299789234,
      0.0009041718226585476,
      -497.3683556523191
    ],
    [
      -0.0005752427651877397,
      0.010162446056606229,
      0.9999481955511035,
      -432.72700000000003
    ],
    [
      0.0,
      0.0,
      0.0,
      1.0
    ]
  ],
  "pose_xyyaw": {
    "x": 12476.386541228336,
    "y": -497.3683556523191,
    "yaw_deg": 91.85669380769775
  },
  "preprocess": {
    "grayscale": true,
    "clahe": {
      "enabled": true,
      "clip_limit": 2.0,
      "tile_grid": 8
    }
  }
}