{
  "segment_id": "segment-15832924468527961_1564_160_1584_160_with_camera_labels",
  "frame_index": 106,
  "timestamp_us": 1507678837490219,
  "camera_name": "FRONT",
  "image_path": "/home/wakamatsu/ITS/waymo_outputs/cam_gray_test/training/segment-15832924468527961_1564_160_1584_160_with_camera_labels/FRONT/0106_cam.png",
  "image_path_raw": "/home/wakamatsu/ITS/waymo_outputs/cam_gray_test/training/segment-15832924468527961_1564_160_1584_160_with_camera_labels/FRONT/0106_cam_raw.png",
  "width": 1920,
  "height": 1280,
  "intrinsic": [
    2084.2156571134137,
    2084.2156571134137,
    982.6994065605393,
    647.3422876254992
  ],
  "world_to_cam": [
    [
      -0.03166202584783578,
      0.999247533269975,
      0.022402753694166073,
      898.5623735165159
    ],
    [
      -0.9994555081168126,
      -0.03144449693943801,
      -0.009996544762529704,
      12449.696501470831
    ],
    [
      -0.0092845793752095,
      -0.02270706643527882,
      0.9996990475736833,
      535.0979478324376
    ],
    [
      0.0,
      0.0,
      0.0,
      1.0
    ]
  ],
  "vehicle_pose": [
    [
      -0.02837475908897307,
      -0.9995502221757117,
      0.009707028130607141,
      12476.336829622896
    ],
    [
      0.9995944818733072,
      -0.02835005462106331,
      0.002673239872741448,
      -495.8113228761988
    ],
    [
      -0.0023968427310167746,
      0.009778944292119939,
      0.9999493124121114,
      -432.725
    ],
    [
      0.0,
      0.0,
      0.0,
      1.0
    ]
  ],
  "pose_xyyaw": {
    "x": 12476.336829622896,
    "y": -495.8113228761988,
    "yaw_deg": 91.62597684772389
  },
  "preprocess": {
    "grayscale": true,
    "clahe": {
      "enabled": true,
      "clip_limit": 2.0,
      "tile_grid": 8
    }
  }
}