{
  "segment_id": "segment-15832924468527961_1564_160_1584_160_with_camera_labels",
  "frame_index": 107,
  "timestamp_us": 1507678837590285,
  "camera_name": "FRONT",
  "image_path": "/home/wakamatsu/ITS/waymo_outputs/cam_gray_test/training/segment-15832924468527961_1564_160_1584_160_with_camera_labels/FRONT/0107_cam.png",
  "image_path_raw": "/home/wakamatsu/ITS/waymo_outputs/cam_gray_test/training/segment-15832924468527961_1564_160_1584_160_with_camera_labels/FRONT/0107_cam_raw.png",
  "width": 1920,
  "height": 1280,
  "intrinsic": [
    2084.2156571134137,
    2084.2156571134137,
    982.6994065605393,
    647.3422876254992
  ],
  "world_to_cam": [
    [
      -0.028138374507415305,
      0.9994403930411161,
      0.018086808394510802,
      851.2710421413474
    ],
    [
      -0.9995516005595702,
      -0.027946961143828986,
      -0.010750124726114425,
      12452.302778730349
    ],
    [
      -0.010238637550091552,
      -0.01838118931529237,
      0.9997786265871427,
      549.2095158705414
    ],
    [
      0.0,
      0.0,
      0.0,
      1.0
    ]
  ],
  "vehicle_pose": [
    [
      -0.024828227849559098,
      -0.9996526232938072,
      0.008842615204781266,
      12476.29268554361
    ],
    [
      0.9996692052995505,
      -0.024767316679161166,
      0.00693253202512294,
      -494.2546007691053
    ],
    [
      -0.006711115973933693,
      0.009011812599227528,
      0.9999368720854636,
      -432.726
    ],
    [
      0.0,
      0.0,
      0.0,
      1.0
    ]
  ],
  "pose_xyyaw": {
    "x": 12476.29268554361,
    "y": -494.2546007691053,
    "yaw_deg": 91.42273090859182
  },
  "preprocess": {
    "grayscale": true,
    "clahe": {
      "enabled": true,
      "clip_limit": 2.0,
      "tile_grid": 8
    }
  }
}