{
  "segment_id": "segment-15832924468527961_1564_160_1584_160_with_camera_labels",
  "frame_index": 108,
  "timestamp_us": 1507678837690351,
  "camera_name": "FRONT",
  "image_path": "/home/wakamatsu/ITS/waymo_outputs/cam_gray_test/training/segment-15832924468527961_1564_160_1584_160_with_camera_labels/FRONT/0108_cam.png",
  "image_path_raw": "/home/wakamatsu/ITS/waymo_outputs/cam_gray_test/training/segment-15832924468527961_1564_160_1584_160_with_camera_labels/FRONT/0108_cam_raw.png",
  "width": 1920,
  "height": 1280,
  "intrinsic": [
    2084.2156571134137,
    2084.2156571134137,
    982.6994065605393,
    647.3422876254992
  ],
  "world_to_cam": [
    [
      -0.025348278549082635,
      0.9995447559987969,
      0.016362931580364937,
      814.2077503225748
    ],
    [
      -0.9996301658526833,
      -0.025182395976552644,
      -0.010265400635950663,
      12454.859530868836
    ],
    [
      -0.009848669551497206,
      -0.01661709024425432,
      0.9998134206040044,
      545.2666494543201
    ],
    [
      0.0,
      0.0,
      0.0,
      1.0
    ]
  ],
  "vehicle_pose": [
    [
      -0.022048448725037677,
      -0.9997136186747767,
      0.009303039557188099,
      12476.25391772538
    ],
    [
      0.999721304364819,
      -0.02196818306056823,
      0.008643641137994413,
      -492.69585665276895
    ],
    [
      -0.008436794884578543,
      0.00949102571909829,
      0.9999193672106141,
      -432.736
    ],
    [
      0.0,
      0.0,
      0.0,
      1.0
    ]
  ],
  "pose_xyyaw": {
    "x": 12476.25391772538,
    "y": -492.69585665276895,
    "yaw_deg": 91.26343040657962
  },
  "preprocess": {
    "grayscale": true,
    "clahe": {
      "enabled": true,
      "clip_limit": 2.0,
      "tile_grid": 8
    }
  }
}