{
  "segment_id": "segment-15832924468527961_1564_160_1584_160_with_camera_labels",
  "frame_index": 109,
  "timestamp_us": 1507678837790379,
  "camera_name": "FRONT",
  "image_path": "/home/wakamatsu/ITS/waymo_outputs/cam_gray_test/training/segment-15832924468527961_1564_160_1584_160_with_camera_labels/FRONT/0109_cam.png",
  "image_path_raw": "/home/wakamatsu/ITS/waymo_outputs/cam_gray_test/training/segment-15832924468527961_1564_160_1584_160_with_camera_labels/FRONT/0109_cam_raw.png",
  "width": 1920,
  "height": 1280,
  "intrinsic": [
    2084.2156571134137,
    2084.2156571134137,
    982.6994065605393,
    647.3422876254992
  ],
  "world_to_cam": [
    [
      -0.022922835431012242,
      0.9995464580579438,
      0.01953002303178237,
      783.7557886438639
    ],
    [
      -0.9996995862953864,
      -0.022748057605771484,
      -0.009124858135763476,
      12457.420214939728
    ],
    [
      -0.008676449540914568,
      -0.019733323566589647,
      0.9997676305844174,
      529.133113350205
    ],
    [
      0.0,
      0.0,
      0.0,
      1.0
    ]
  ],
  "vehicle_pose": [
    [
      -0.01965265992567302,
      -0.999751350746458,
      0.010536111164871928,
      12476.220130458823
    ],
    [
      0.9997929625998702,
      -0.019595716599760202,
      0.005480860034379074,
      -491.13273917453944
    ],
    [
      -0.0052730345741723575,
      0.010641643274164737,
      0.9999294727803582,
      -432.752
    ],
    [
      0.0,
      0.0,
      0.0,
      1.0
    ]
  ],
  "pose_xyyaw": {
    "x": 12476.220130458823,
    "y": -491.13273917453944,
    "yaw_deg": 91.12610262312734
  },
  "preprocess": {
    "grayscale": true,
    "clahe": {
      "enabled": true,
      "clip_limit": 2.0,
      "tile_grid": 8
    }
  }
}