{
  "segment_id": "segment-15832924468527961_1564_160_1584_160_with_camera_labels",
  "frame_index": 110,
  "timestamp_us": 1507678837890417,
  "camera_name": "FRONT",
  "image_path": "/home/wakamatsu/ITS/waymo_outputs/cam_gray_test/training/segment-15832924468527961_1564_160_1584_160_with_camera_labels/FRONT/0110_cam.png",
  "image_path_raw": "/home/wakamatsu/ITS/waymo_outputs/cam_gray_test/training/segment-15832924468527961_1564_160_1584_160_with_camera_labels/FRONT/0110_cam_raw.png",
  "width": 1920,
  "height": 1280,
  "intrinsic": [
    2084.2156571134137,
    2084.2156571134137,
    982.6994065605393,
    647.3422876254992
  ],
  "world_to_cam": [
    [
      -0.02098609251609234,
      0.9995286195583482,
      0.022408092392905844,
      759.2656437311376
    ],
    [
      -0.9997485816652932,
      -0.02080313903267507,
      -0.00836677145749309,
      12459.317118861129
    ],
    [
      -0.007896668863561608,
      -0.022578044427500412,
      0.9997138963376918,
      518.0290796337904
    ],
    [
      0.0,
      0.0,
      0.0,
      1.0
    ]
  ],
  "vehicle_pose": [
    [
      -0.017735736167299745,
      -0.9997781220400712,
      0.011364433669673144,
      12476.190021205624
    ],
    [
      0.9998398365776023,
      -0.017707292193152147,
      0.0025986526623666627,
      -489.5687665720178
    ],
    [
      -0.0023968427310167746,
      0.011408702521093184,
      0.999932046016982,
      -432.762
    ],
    [
      0.0,
      0.0,
      0.0,
      1.0
    ]
  ],
  "pose_xyyaw": {
    "x": 12476.190021205624,
    "y": -489.5687665720178,
    "yaw_deg": 91.01623903032768
  },
  "preprocess": {
    "grayscale": true,
    "clahe": {
      "enabled": true,
      "clip_limit": 2.0,
      "tile_grid": 8
    }
  }
}