{
  "segment_id": "segment-15832924468527961_1564_160_1584_160_with_camera_labels",
  "frame_index": 111,
  "timestamp_us": 1507678837990490,
  "camera_name": "FRONT",
  "image_path": "/home/wakamatsu/ITS/waymo_outputs/cam_gray_test/training/segment-15832924468527961_1564_160_1584_160_with_camera_labels/FRONT/0111_cam.png",
  "image_path_raw": "/home/wakamatsu/ITS/waymo_outputs/cam_gray_test/training/segment-15832924468527961_1564_160_1584_160_with_camera_labels/FRONT/0111_cam_raw.png",
  "width": 1920,
  "height": 1280,
  "intrinsic": [
    2084.2156571134137,
    2084.2156571134137,
    982.6994065605393,
    647.3422876254992
  ],
  "world_to_cam": [
    [
      -0.018931392064998994,
      0.9996027338319434,
      0.020880060109732507,
      731.4453664578338
    ],
    [
      -0.9998013046192823,
      -0.018796529339843337,
      -0.006636397091634533,
      12461.708661665542
    ],
    [
      -0.006241288013121965,
      -0.021001547573480342,
      0.9997599618525719,
      498.2025801921282
    ],
    [
      0.0,
      0.0,
      0.0,
      1.0
    ]
  ],
  "vehicle_pose": [
    [
      -0.015722622044971404,
      -0.9997909533651357,
      0.013070911416724668,
      12476.163242642202
    ],
    [
      0.9998686652979049,
      -0.01566976502593478,
      0.00413649844897496,
      -488.0081580550302
    ],
    [
      -0.003930815617319197,
      0.013134231354170484,
      0.9999060159111545,
      -432.764
    ],
    [
      0.0,
      0.0,
      0.0,
      1.0
    ]
  ],
  "pose_xyyaw": {
    "x": 12476.163242642202,
    "y": -488.0081580550302,
    "yaw_deg": 90.90088396543534
  },
  "preprocess": {
    "grayscale": true,
    "clahe": {
      "enabled": true,
      "clip_limit": 2.0,
      "tile_grid": 8
    }
  }
}