{
  "segment_id": "segment-15832924468527961_1564_160_1584_160_with_camera_labels",
  "frame_index": 112,
  "timestamp_us": 1507678838090531,
  "camera_name": "FRONT",
  "image_path": "/home/wakamatsu/ITS/waymo_outputs/cam_gray_test/training/segment-15832924468527961_1564_160_1584_160_with_camera_labels/FRONT/0112_cam.png",
  "image_path_raw": "/home/wakamatsu/ITS/waymo_outputs/cam_gray_test/training/segment-15832924468527961_1564_160_1584_160_with_camera_labels/FRONT/0112_cam_raw.png",
  "width": 1920,
  "height": 1280,
  "intrinsic": [
    2084.2156571134137,
    2084.2156571134137,
    982.6994065605393,
    647.3422876254992
  ],
  "world_to_cam": [
    [
      -0.017187865102804033,
      0.9996795918452483,
      0.018582005847739884,
      707.1771732845233
    ],
    [
      -0.9998369125959548,
      -0.017081600881316505,
      -0.0058623478163780255,
      12463.328897326855
    ],
    [
      -0.0055430590648662785,
      -0.01867973660009785,
      0.9998101529474256,
      490.680138965583
    ],
    [
      0.0,
      0.0,
      0.0,
      1.0
    ]
  ],
  "vehicle_pose": [
    [
      -0.01399686960623127,
      -0.9998066301534969,
      0.0138126732508567,
      12476.140745384013
    ],
    [
      0.9998826195364142,
      -0.013909168152713787,
      0.006425121811921745,
      -486.44929399419664
    ],
    [
      -0.006231756592218552,
      0.013900983505072776,
      0.9998839572007179,
      -432.769
    ],
    [
      0.0,
      0.0,
      0.0,
      1.0
    ]
  ],
  "pose_xyyaw": {
    "x": 12476.140745384013,
    "y": -486.44929399419664,
    "yaw_deg": 90.80200331682106
  },
  "preprocess": {
    "grayscale": true,
    "clahe": {
      "enabled": true,
      "clip_limit": 2.0,
      "tile_grid": 8
    }
  }
}