{
  "segment_id": "segment-15832924468527961_1564_160_1584_160_with_camera_labels",
  "frame_index": 113,
  "timestamp_us": 1507678838190536,
  "camera_name": "FRONT",
  "image_path": "/home/wakamatsu/ITS/waymo_outputs/cam_gray_test/training/segment-15832924468527961_1564_160_1584_160_with_camera_labels/FRONT/0113_cam.png",
  "image_path_raw": "/home/wakamatsu/ITS/waymo_outputs/cam_gray_test/training/segment-15832924468527961_1564_160_1584_160_with_camera_labels/FRONT/0113_cam_raw.png",
  "width": 1920,
  "height": 1280,
  "intrinsic": [
    2084.2156571134137,
    2084.2156571134137,
    982.6994065605393,
    647.3422876254992
  ],
  "world_to_cam": [
    [
      -0.015827004489737263,
      0.9996966304295648,
      0.01887201729164347,
      688.772846983303
    ],
    [
      -0.9998632341446534,
      -0.01573343599090655,
      -0.0050962729238653234,
      12464.648315353472
    ],
    [
      -0.00479780519366024,
      -0.0189500949785034,
      0.9998089192268839,
      481.2896607274176
    ],
    [
      0.0,
      0.0,
      0.0,
      1.0
    ]
  ],
  "vehicle_pose": [
    [
      -0.012654859715601366,
      -0.999813449902504,
      0.014591775753191889,
      12476.11992607342
    ],
    [
      0.9999022560818707,
      -0.012566539152557394,
      0.006128652063236913,
      -484.8891273466329
    ],
    [
      -0.005944140641289175,
      0.014667906727963302,
      0.9998747520085984,
      -432.779
    ],
    [
      0.0,
      0.0,
      0.0,
      1.0
    ]
  ],
  "pose_xyyaw": {
    "x": 12476.11992607342,
    "y": -484.8891273466329,
    "yaw_deg": 90.72510221695589
  },
  "preprocess": {
    "grayscale": true,
    "clahe": {
      "enabled": true,
      "clip_limit": 2.0,
      "tile_grid": 8
    }
  }
}