{
  "segment_id": "segment-15832924468527961_1564_160_1584_160_with_camera_labels",
  "frame_index": 114,
  "timestamp_us": 1507678838290533,
  "camera_name": "FRONT",
  "image_path": "/home/wakamatsu/ITS/waymo_outputs/cam_gray_test/training/segment-15832924468527961_1564_160_1584_160_with_camera_labels/FRONT/0114_cam.png",
  "image_path_raw": "/home/wakamatsu/ITS/waymo_outputs/cam_gray_test/training/segment-15832924468527961_1564_160_1584_160_with_camera_labels/FRONT/0114_cam_raw.png",
  "width": 1920,
  "height": 1280,
  "intrinsic": [
    2084.2156571134137,
    2084.2156571134137,
    982.6994065605393,
    647.3422876254992
  ],
  "world_to_cam": [
    [
      -0.014485018539257509,
      0.9997096639670656,
      0.019255441017398983,
      670.6422001287324
    ],
    [
      -0.9998834744316423,
      -0.014389354701743583,
      -0.005097453263618591,
      12465.556383709603
    ],
    [
      -0.0048188999185221045,
      -0.01932703397121697,
      0.9998016022999017,
      481.40697175618925
    ],
    [
      0.0,
      0.0,
      0.0,
      1.0
    ]
  ],
  "vehicle_pose": [
    [
      -0.011312708275537608,
      -0.9998293535724573,
      0.014604326973699818,
      12476.10184873313
    ],
    [
      0.9999205477360996,
      -0.011230106760221873,
      0.005725636846020972,
      -483.32861681588156
    ],
    [
      -0.005560651635471955,
      0.01466793908618972,
      0.9998769577884834,
      -432.789
    ],
    [
      0.0,
      0.0,
      0.0,
      1.0
    ]
  ],
  "pose_xyyaw": {
    "x": 12476.10184873313,
    "y": -483.32861681588156,
    "yaw_deg": 90.64819428690154
  },
  "preprocess": {
    "grayscale": true,
    "clahe": {
      "enabled": true,
      "clip_limit": 2.0,
      "tile_grid": 8
    }
  }
}