{
  "segment_id": "segment-15832924468527961_1564_160_1584_160_with_camera_labels",
  "frame_index": 115,
  "timestamp_us": 1507678838390528,
  "camera_name": "FRONT",
  "image_path": "/home/wakamatsu/ITS/waymo_outputs/cam_gray_test/training/segment-15832924468527961_1564_160_1584_160_with_camera_labels/FRONT/0115_cam.png",
  "image_path_raw": "/home/wakamatsu/ITS/waymo_outputs/cam_gray_test/training/segment-15832924468527961_1564_160_1584_160_with_camera_labels/FRONT/0115_cam_raw.png",
  "width": 1920,
  "height": 1280,
  "intrinsic": [
    2084.2156571134137,
    2084.2156571134137,
    982.6994065605393,
    647.3422876254992
  ],
  "world_to_cam": [
    [
      -0.013267780380709375,
      0.9997463790518709,
      0.018197350808342713,
      653.457713964295
    ],
    [
      -0.9998939554550116,
      -0.013156074112884913,
      -0.006244642381079121,
      12465.791651214262
    ],
    [
      -0.0060036529130649795,
      -0.018278273622224474,
      0.9998149133040029,
      496.7371148795428
    ],
    [
      0.0,
      0.0,
      0.0,
      1.0
    ]
  ],
  "vehicle_pose": [
    [
      -0.010066401081664874,
      -0.9998588655526647,
      0.013450522108880755,
      12476.086312819858
    ],
    [
      0.9999274504261152,
      -0.00997628259054246,
      0.006750382952295591,
      -481.77036758761915
    ],
    [
      -0.006615244031179783,
      0.013517498341485867,
      0.9998867514798843,
      -432.797
    ],
    [
      0.0,
      0.0,
      0.0,
      1.0
    ]
  ],
  "pose_xyyaw": {
    "x": 12476.086312819858,
    "y": -481.77036758761915,
    "yaw_deg": 90.57678465912906
  },
  "preprocess": {
    "grayscale": true,
    "clahe": {
      "enabled": true,
      "clip_limit": 2.0,
      "tile_grid": 8
    }
  }
}