{
  "segment_id": "segment-15832924468527961_1564_160_1584_160_with_camera_labels",
  "frame_index": 116,
  "timestamp_us": 1507678838490532,
  "camera_name": "FRONT",
  "image_path": "/home/wakamatsu/ITS/waymo_outputs/cam_gray_test/training/segment-15832924468527961_1564_160_1584_160_with_camera_labels/FRONT/0116_cam.png",
  "image_path_raw": "/home/wakamatsu/ITS/waymo_outputs/cam_gray_test/training/segment-15832924468527961_1564_160_1584_160_with_camera_labels/FRONT/0116_cam_raw.png",
  "width": 1920,
  "height": 1280,
  "intrinsic": [
    2084.2156571134137,
    2084.2156571134137,
    982.6994065605393,
    647.3422876254992
  ],
  "world_to_cam": [
    [
      -0.012419507900700712,
      0.9997659183771561,
      0.01771621502991717,
      641.1201404355617
    ],
    [
      -0.9999011005339494,
      -0.012300363135164154,
      -0.006818373540670361,
      12466.049030548762
    ],
    [
      -0.006598861606478175,
      -0.01779914374976856,
      0.9998198065187915,
      504.4335341936333
    ],
    [
      0.0,
      0.0,
      0.0,
      1.0
    ]
  ],
  "vehicle_pose": [
    [
      -0.009203592958130181,
      -0.9998747335963483,
      0.012876761716068642,
      12476.071529944984
    ],
    [
      0.9999324779719192,
      -0.009111234971268301,
      0.007212828449057473,
      -480.21437759505227
    ],
    [
      -0.00709460172231337,
      0.012942276188124406,
      0.9998910761245307,
      -432.807
    ],
    [
      0.0,
      0.0,
      0.0,
      1.0
    ]
  ],
  "pose_xyyaw": {
    "x": 12476.071529944984,
    "y": -480.21437759505227,
    "yaw_deg": 90.52734774991652
  },
  "preprocess": {
    "grayscale": true,
    "clahe": {
      "enabled": true,
      "clip_limit": 2.0,
      "tile_grid": 8
    }
  }
}