{
  "segment_id": "segment-15832924468527961_1564_160_1584_160_with_camera_labels",
  "frame_index": 117,
  "timestamp_us": 1507678838590529,
  "camera_name": "FRONT",
  "image_path": "/home/wakamatsu/ITS/waymo_outputs/cam_gray_test/training/segment-15832924468527961_1564_160_1584_160_with_camera_labels/FRONT/0117_cam.png",
  "image_path_raw": "/home/wakamatsu/ITS/waymo_outputs/cam_gray_test/training/segment-15832924468527961_1564_160_1584_160_with_camera_labels/FRONT/0117_cam_raw.png",
  "width": 1920,
  "height": 1280,
  "intrinsic": [
    2084.2156571134137,
    2084.2156571134137,
    982.6994065605393,
    647.3422876254992
  ],
  "world_to_cam": [
    [
      -0.011944738945296235,
      0.9997377825003793,
      0.01953687418072078,
      634.4178307154655
    ],
    [
      -0.9999056513930228,
      -0.01180964298968529,
      -0.007015742637180706,
      12466.261869032742
    ],
    [
      -0.006783179477479687,
      -0.01961883211816565,
      0.9997845217358066,
      505.8863865170065
    ],
    [
      0.0,
      0.0,
      0.0,
      1.0
    ]
  ],
  "vehicle_pose": [
    [
      -0.008724382008723839,
      -0.9998812348355656,
      0.01270438437195868,
      12476.059093866656
    ],
    [
      0.9999480387824887,
      -0.008656560815105423,
      0.005383650240212729,
      -478.66034315844706
    ],
    [
      -0.0052730345741723575,
      0.012750693257975954,
      0.9999048029326695,
      -432.819
    ],
    [
      0.0,
      0.0,
      0.0,
      1.0
    ]
  ],
  "pose_xyyaw": {
    "x": 12476.059093866656,
    "y": -478.66034315844706,
    "yaw_deg": 90.49988355926389
  },
  "preprocess": {
    "grayscale": true,
    "clahe": {
      "enabled": true,
      "clip_limit": 2.0,
      "tile_grid": 8
    }
  }
}