{
  "segment_id": "segment-15832924468527961_1564_160_1584_160_with_camera_labels",
  "frame_index": 118,
  "timestamp_us": 1507678838690525,
  "camera_name": "FRONT",
  "image_path": "/home/wakamatsu/ITS/waymo_outputs/cam_gray_test/training/segment-15832924468527961_1564_160_1584_160_with_camera_labels/FRONT/0118_cam.png",
  "image_path_raw": "/home/wakamatsu/ITS/waymo_outputs/cam_gray_test/training/segment-15832924468527961_1564_160_1584_160_with_camera_labels/FRONT/0118_cam_raw.png",
  "width": 1920,
  "height": 1280,
  "intrinsic": [
    2084.2156571134137,
    2084.2156571134137,
    982.6994065605393,
    647.3422876254992
  ],
  "world_to_cam": [
    [
      -0.011881756133597446,
      0.9996993242791049,
      0.021449589904773744,
      632.8916887543598
    ],
    [
      -0.9998965184953555,
      -0.011704645263217786,
      -0.0083638256873878,
      12465.620316418437
    ],
    [
      -0.008110251047192926,
      -0.021546747206097856,
      0.9997349456294844,
      521.5410368946394
    ],
    [
      0.0,
      0.0,
      0.0,
      1.0
    ]
  ],
  "vehicle_pose": [
    [
      -0.008628494857302136,
      -0.9998980244362189,
      0.011379358727288895,
      12476.046629489645
    ],
    [
      0.9999571436718218,
      -0.008589700411864338,
      0.0034536743514793355,
      -477.11001610309074
    ],
    [
      -0.0033555768787436814,
      0.011408671061137356,
      0.9999292886641683,
      -432.82800000000003
    ],
    [
      0.0,
      0.0,
      0.0,
      1.0
    ]
  ],
  "pose_xyyaw": {
    "x": 12476.046629489645,
    "y": -477.11001610309074,
    "yaw_deg": 90.49438525698203
  },
  "preprocess": {
    "grayscale": true,
    "clahe": {
      "enabled": true,
      "clip_limit": 2.0,
      "tile_grid": 8
    }
  }
}