{
  "segment_id": "segment-15832924468527961_1564_160_1584_160_with_camera_labels",
  "frame_index": 119,
  "timestamp_us": 1507678838790528,
  "camera_name": "FRONT",
  "image_path": "/home/wakamatsu/ITS/waymo_outputs/cam_gray_test/training/segment-15832924468527961_1564_160_1584_160_with_camera_labels/FRONT/0119_cam.png",
  "image_path_raw": "/home/wakamatsu/ITS/waymo_outputs/cam_gray_test/training/segment-15832924468527961_1564_160_1584_160_with_camera_labels/FRONT/0119_cam_raw.png",
  "width": 1920,
  "height": 1280,
  "intrinsic": [
    2084.2156571134137,
    2084.2156571134137,
    982.6994065605393,
    647.3422876254992
  ],
  "world_to_cam": [
    [
      -0.011891214234346024,
      0.9996930278826037,
      0.021735892595999947,
      631.5846330531333
    ],
    [
      -0.9998932442636009,
      -0.011703387719671849,
      -0.008748187920560835,
      12465.419607243504
    ],
    [
      -0.008491118892307343,
      -0.02183759874150529,
      0.9997254724078812,
      526.1885587522587
    ],
    [
      0.0,
      0.0,
      0.0,
      1.0
    ]
  ],
  "vehicle_pose": [
    [
      -0.008628502828119809,
      -0.9999022874786023,
      0.010998383244991732,
      12476.034476740231
    ],
    [
      0.9999580674106899,
      -0.008594195216996718,
      0.003162788145022485,
      -475.5636060752197
    ],
    [
      -0.0030679568483393833,
      0.011025212180758115,
      0.9999345140243666,
      -432.833
    ],
    [
      0.0,
      0.0,
      0.0,
      1.0
    ]
  ],
  "pose_xyyaw": {
    "x": 12476.034476740231,
    "y": -475.5636060752197,
    "yaw_deg": 90.49438525698203
  },
  "preprocess": {
    "grayscale": true,
    "clahe": {
      "enabled": true,
      "clip_limit": 2.0,
      "tile_grid": 8
    }
  }
}