{
  "segment_id": "segment-15832924468527961_1564_160_1584_160_with_camera_labels",
  "frame_index": 120,
  "timestamp_us": 1507678838890525,
  "camera_name": "FRONT",
  "image_path": "/home/wakamatsu/ITS/waymo_outputs/cam_gray_test/training/segment-15832924468527961_1564_160_1584_160_with_camera_labels/FRONT/0120_cam.png",
  "image_path_raw": "/home/wakamatsu/ITS/waymo_outputs/cam_gray_test/training/segment-15832924468527961_1564_160_1584_160_with_camera_labels/FRONT/0120_cam_raw.png",
  "width": 1920,
  "height": 1280,
  "intrinsic": [
    2084.2156571134137,
    2084.2156571134137,
    982.6994065605393,
    647.3422876254992
  ],
  "world_to_cam": [
    [
      -0.011711661978826175,
      0.999717548311286,
      0.02067995580665743,
      627.3570064183863
    ],
    [
      -0.9998910619467705,
      -0.011522883015951394,
      -0.009224283493101991,
      12465.277831344787
    ],
    [
      -0.008983385367117036,
      -0.020785734662799055,
      0.9997435931386975,
      532.8741168472937
    ],
    [
      0.0,
      0.0,
      0.0,
      1.0
    ]
  ],
  "vehicle_pose": [
    [
      -0.008436790181936386,
      -0.999909168042279,
      0.010510767641952396,
      12476.022417209826
    ],
    [
      0.9999559115561713,
      -0.008392918035184287,
      0.00421116025831692,
      -474.0210856653954
    ],
    [
      -0.004122561739080607,
      0.010545832914085548,
      0.9999358928915671,
      -432.837
    ],
    [
      0.0,
      0.0,
      0.0,
      1.0
    ]
  ],
  "pose_xyyaw": {
    "x": 12476.022417209826,
    "y": -474.0210856653954,
    "yaw_deg": 90.48340231279666
  },
  "preprocess": {
    "grayscale": true,
    "clahe": {
      "enabled": true,
      "clip_limit": 2.0,
      "tile_grid": 8
    }
  }
}