{
  "segment_id": "segment-15832924468527961_1564_160_1584_160_with_camera_labels",
  "frame_index": 121,
  "timestamp_us": 1507678838990525,
  "camera_name": "FRONT",
  "image_path": "/home/wakamatsu/ITS/waymo_outputs/cam_gray_test/training/segment-15832924468527961_1564_160_1584_160_with_camera_labels/FRONT/0121_cam.png",
  "image_path_raw": "/home/wakamatsu/ITS/waymo_outputs/cam_gray_test/training/segment-15832924468527961_1564_160_1584_160_with_camera_labels/FRONT/0121_cam_raw.png",
  "width": 1920,
  "height": 1280,
  "intrinsic": [
    2084.2156571134137,
    2084.2156571134137,
    982.6994065605393,
    647.3422876254992
  ],
  "world_to_cam": [
    [
      -0.011508035535013656,
      0.9997218589613045,
      0.020585670576362746,
      623.2371113521386
    ],
    [
      -0.999897575975363,
      -0.011329993811080614,
      -0.008744644008420429,
      12465.66373194358
    ],
    [
      -0.008508976243825768,
      -0.02068419578312241,
      0.9997498493963816,
      527.0449920358285
    ],
    [
      0.0,
      0.0,
      0.0,
      1.0
    ]
  ],
  "vehicle_pose": [
    [
      -0.008244987440807648,
      -0.9999056143759737,
      0.010990110168129157,
      12476.010608532379
    ],
    [
      0.9999571115745169,
      -0.008198051888316503,
      0.004308939171719158,
      -472.47996862120317
    ],
    [
      -0.0042184349763899065,
      0.01102516596896219,
      0.9999303228333997,
      -432.844
    ],
    [
      0.0,
      0.0,
      0.0,
      1.0
    ]
  ],
  "pose_xyyaw": {
    "x": 12476.010608532379,
    "y": -472.47996862120317,
    "yaw_deg": 90.4724125384221
  },
  "preprocess": {
    "grayscale": true,
    "clahe": {
      "enabled": true,
      "clip_limit": 2.0,
      "tile_grid": 8
    }
  }
}