{
  "segment_id": "segment-15832924468527961_1564_160_1584_160_with_camera_labels",
  "frame_index": 122,
  "timestamp_us": 1507678839090531,
  "camera_name": "FRONT",
  "image_path": "/home/wakamatsu/ITS/waymo_outputs/cam_gray_test/training/segment-15832924468527961_1564_160_1584_160_with_camera_labels/FRONT/0122_cam.png",
  "image_path_raw": "/home/wakamatsu/ITS/waymo_outputs/cam_gray_test/training/segment-15832924468527961_1564_160_1584_160_with_camera_labels/FRONT/0122_cam_raw.png",
  "width": 1920,
  "height": 1280,
  "intrinsic": [
    2084.2156571134137,
    2084.2156571134137,
    982.6994065605393,
    647.3422876254992
  ],
  "world_to_cam": [
    [
      -0.011297163289452357,
      0.999697774362599,
      0.021834239993135312,
      619.5947982914414
    ],
    [
      -0.9999062582278592,
      -0.01112519602086786,
      -0.007981526812519662,
      12466.204696712159
    ],
    [
      -0.007736204390601006,
      -0.02192236182448519,
      0.9997297440777,
      516.8518630054809
    ],
    [
      0.0,
      0.0,
      0.0,
      1.0
    ]
  ],
  "vehicle_pose": [
    [
      -0.00805334306120657,
      -0.9998983250716639,
      0.011767887848705617,
      12475.999098326443
    ],
    [
      0.9999631545139654,
      -0.008017772397602076,
      0.003066747505000463,
      -470.938933261343
    ],
    [
      -0.0029720834472962386,
      0.0117921518248981,
      0.9999260532035961,
      -432.85200000000003
    ],
    [
      0.0,
      0.0,
      0.0,
      1.0
    ]
  ],
  "pose_xyyaw": {
    "x": 12475.999098326443,
    "y": -470.938933261343,
    "yaw_deg": 90.46142959423672
  },
  "preprocess": {
    "grayscale": true,
    "clahe": {
      "enabled": true,
      "clip_limit": 2.0,
      "tile_grid": 8
    }
  }
}