{
  "segment_id": "segment-15832924468527961_1564_160_1584_160_with_camera_labels",
  "frame_index": 123,
  "timestamp_us": 1507678839190558,
  "camera_name": "FRONT",
  "image_path": "/home/wakamatsu/ITS/waymo_outputs/cam_gray_test/training/segment-15832924468527961_1564_160_1584_160_with_camera_labels/FRONT/0123_cam.png",
  "image_path_raw": "/home/wakamatsu/ITS/waymo_outputs/cam_gray_test/training/segment-15832924468527961_1564_160_1584_160_with_camera_labels/FRONT/0123_cam_raw.png",
  "width": 1920,
  "height": 1280,
  "intrinsic": [
    2084.2156571134137,
    2084.2156571134137,
    982.6994065605393,
    647.3422876254992
  ],
  "world_to_cam": [
    [
      -0.010894625444180597,
      0.999685144458456,
      0.022603519316847936,
      613.3600170505381
    ],
    [
      -0.9999163455373101,
      -0.010733965968918072,
      -0.007216917755424733,
      12466.851302895224
    ],
    [
      -0.006972020061751739,
      -0.0226802540473914,
      0.9997184588735991,
      506.99594939249846
    ],
    [
      0.0,
      0.0,
      0.0,
      1.0
    ]
  ],
  "vehicle_pose": [
    [
      -0.007669875552017145,
      -0.9998919315790054,
      0.01254185680919078,
      12475.988149568966
    ],
    [
      0.9999681547742295,
      -0.007641595997459538,
      0.0023011840504507377,
      -469.39869894855576
    ],
    [
      -0.0022050955623301644,
      0.012559107206218357,
      0.9999186998850176,
      -432.857
    ],
    [
      0.0,
      0.0,
      0.0,
      1.0
    ]
  ],
  "pose_xyyaw": {
    "x": 12475.988149568966,
    "y": -469.39869894855576,
    "yaw_deg": 90.43945687567678
  },
  "preprocess": {
    "grayscale": true,
    "clahe": {
      "enabled": true,
      "clip_limit": 2.0,
      "tile_grid": 8
    }
  }
}