{
  "segment_id": "segment-15832924468527961_1564_160_1584_160_with_camera_labels",
  "frame_index": 124,
  "timestamp_us": 1507678839290591,
  "camera_name": "FRONT",
  "image_path": "/home/wakamatsu/ITS/waymo_outputs/cam_gray_test/training/segment-15832924468527961_1564_160_1584_160_with_camera_labels/FRONT/0124_cam.png",
  "image_path_raw": "/home/wakamatsu/ITS/waymo_outputs/cam_gray_test/training/segment-15832924468527961_1564_160_1584_160_with_camera_labels/FRONT/0124_cam_raw.png",
  "width": 1920,
  "height": 1280,
  "intrinsic": [
    2084.2156571134137,
    2084.2156571134137,
    982.6994065605393,
    647.3422876254992
  ],
  "world_to_cam": [
    [
      -0.01061917230444867,
      0.9997175814995239,
      0.021260066328945684,
      607.8195247487292
    ],
    [
      -0.9999157301832936,
      -0.01045769529839757,
      -0.007692148013168949,
      12466.773514265044
    ],
    [
      -0.007467644312569794,
      -0.021339958992196144,
      0.999744387550454,
      513.8544526467817
    ],
    [
      0.0,
      0.0,
      0.0,
      1.0
    ]
  ],
  "vehicle_pose": [
    [
      -0.007382203883818552,
      -0.9999001056297142,
      0.012053291148241763,
      12475.97799418414
    ],
    [
      0.9999664592195449,
      -0.007338861889451551,
      0.0036361438494510153,
      -467.8606848369227
    ],
    [
      -0.00354732318010061,
      0.01207972962669714,
      0.9999207451745372,
      -432.85900000000004
    ],
    [
      0.0,
      0.0,
      0.0,
      1.0
    ]
  ],
  "pose_xyyaw": {
    "x": 12475.97799418414,
    "y": -467.8606848369227,
    "yaw_deg": 90.42297562920955
  },
  "preprocess": {
    "grayscale": true,
    "clahe": {
      "enabled": true,
      "clip_limit": 2.0,
      "tile_grid": 8
    }
  }
}