{
  "segment_id": "segment-15832924468527961_1564_160_1584_160_with_camera_labels",
  "frame_index": 125,
  "timestamp_us": 1507678839390591,
  "camera_name": "FRONT",
  "image_path": "/home/wakamatsu/ITS/waymo_outputs/cam_gray_test/training/segment-15832924468527961_1564_160_1584_160_with_camera_labels/FRONT/0125_cam.png",
  "image_path_raw": "/home/wakamatsu/ITS/waymo_outputs/cam_gray_test/training/segment-15832924468527961_1564_160_1584_160_with_camera_labels/FRONT/0125_cam_raw.png",
  "width": 1920,
  "height": 1280,
  "intrinsic": [
    2084.2156571134137,
    2084.2156571134137,
    982.6994065605393,
    647.3422876254992
  ],
  "world_to_cam": [
    [
      -0.010269215136008222,
      0.9997412505620541,
      0.020297170864701904,
      601.5101406424117
    ],
    [
      -0.9999083334871535,
      -0.010087572852024973,
      -0.00903136185184055,
      12466.280187817754
    ],
    [
      -0.008824275802249822,
      -0.020388055291655778,
      0.9997531992236834,
      531.2641969508159
    ],
    [
      0.0,
      0.0,
      0.0,
      1.0
    ]
  ],
  "vehicle_pose": [
    [
      -0.006998692909641529,
      -0.9999181980640736,
      0.010705861845401413,
      12475.96799451573
    ],
    [
      0.9999653562895185,
      -0.006949977197408505,
      0.0045808337376007065,
      -466.3227063559226
    ],
    [
      -0.004506053520828668,
      0.01073755080322278,
      0.9999321979436484,
      -432.863
    ],
    [
      0.0,
      0.0,
      0.0,
      1.0
    ]
  ],
  "pose_xyyaw": {
    "x": 12475.96799451573,
    "y": -466.3227063559226,
    "yaw_deg": 90.40100291064961
  },
  "preprocess": {
    "grayscale": true,
    "clahe": {
      "enabled": true,
      "clip_limit": 2.0,
      "tile_grid": 8
    }
  }
}