{
  "segment_id": "segment-15832924468527961_1564_160_1584_160_with_camera_labels",
  "frame_index": 126,
  "timestamp_us": 1507678839490581,
  "camera_name": "FRONT",
  "image_path": "/home/wakamatsu/ITS/waymo_outputs/cam_gray_test/training/segment-15832924468527961_1564_160_1584_160_with_camera_labels/FRONT/0126_cam.png",
  "image_path_raw": "/home/wakamatsu/ITS/waymo_outputs/cam_gray_test/training/segment-15832924468527961_1564_160_1584_160_with_camera_labels/FRONT/0126_cam_raw.png",
  "width": 1920,
  "height": 1280,
  "intrinsic": [
    2084.2156571134137,
    2084.2156571134137,
    982.6994065605393,
    647.3422876254992
  ],
  "world_to_cam": [
    [
      -0.009621823626870056,
      0.9997175347060847,
      0.021731804142364093,
      592.5026925713809
    ],
    [
      -0.999905810786593,
      -0.009406376236047223,
      -0.009994480542398328,
      12466.154224294733
    ],
    [
      -0.009787239922463225,
      -0.02182592236984715,
      0.9997138785909724,
      542.6321143355191
    ],
    [
      0.0,
      0.0,
      0.0,
      1.0
    ]
  ],
  "vehicle_pose": [
    [
      -0.00632760079571145,
      -0.9999323558471255,
      0.00975936464057691,
      12475.958328291976
    ],
    [
      0.9999752742487921,
      -0.006297327152565264,
      0.0031296264612130564,
      -464.78163746428106
    ],
    [
      -0.0030679568483393833,
      0.009778926359841112,
      0.9999474787407715,
      -432.871
    ],
    [
      0.0,
      0.0,
      0.0,
      1.0
    ]
  ],
  "pose_xyyaw": {
    "x": 12475.958328291976,
    "y": -464.78163746428106,
    "yaw_deg": 90.36254894562245
  },
  "preprocess": {
    "grayscale": true,
    "clahe": {
      "enabled": true,
      "clip_limit": 2.0,
      "tile_grid": 8
    }
  }
}