{
  "segment_id": "segment-15832924468527961_1564_160_1584_160_with_camera_labels",
  "frame_index": 127,
  "timestamp_us": 1507678839590586,
  "camera_name": "FRONT",
  "image_path": "/home/wakamatsu/ITS/waymo_outputs/cam_gray_test/training/segment-15832924468527961_1564_160_1584_160_with_camera_labels/FRONT/0127_cam.png",
  "image_path_raw": "/home/wakamatsu/ITS/waymo_outputs/cam_gray_test/training/segment-15832924468527961_1564_160_1584_160_with_camera_labels/FRONT/0127_cam_raw.png",
  "width": 1920,
  "height": 1280,
  "intrinsic": [
    2084.2156571134137,
    2084.2156571134137,
    982.6994065605393,
    647.3422876254992
  ],
  "world_to_cam": [
    [
      -0.008847900633732217,
      0.9997225749203629,
      0.021828601626648524,
      581.3517574509466
    ],
    [
      -0.9999155773012369,
      -0.008637656003495786,
      -0.009707171014221416,
      12466.762105359207
    ],
    [
      -0.009515930049641408,
      -0.021912646881757453,
      0.9997146007646011,
      539.2459323974927
    ],
    [
      0.0,
      0.0,
      0.0,
      1.0
    ]
  ],
  "vehicle_pose": [
    [
      -0.005560627015251435,
      -0.9999340373133107,
      0.010049897984557687,
      12475.949451737348
    ],
    [
      0.9999801228760398,
      -0.005530451568655601,
      0.0030278636473908757,
      -463.241432036928
    ],
    [
      -0.0029720834472962386,
      0.01006653504188584,
      0.9999449142788981,
      -432.87600000000003
    ],
    [
      0.0,
      0.0,
      0.0,
      1.0
    ]
  ],
  "pose_xyyaw": {
    "x": 12475.949451737348,
    "y": -463.241432036928,
    "yaw_deg": 90.31860350850258
  },
  "preprocess": {
    "grayscale": true,
    "clahe": {
      "enabled": true,
      "clip_limit": 2.0,
      "tile_grid": 8
    }
  }
}