{
  "segment_id": "segment-15832924468527961_1564_160_1584_160_with_camera_labels",
  "frame_index": 128,
  "timestamp_us": 1507678839690543,
  "camera_name": "FRONT",
  "image_path": "/home/wakamatsu/ITS/waymo_outputs/cam_gray_test/training/segment-15832924468527961_1564_160_1584_160_with_camera_labels/FRONT/0128_cam.png",
  "image_path_raw": "/home/wakamatsu/ITS/waymo_outputs/cam_gray_test/training/segment-15832924468527961_1564_160_1584_160_with_camera_labels/FRONT/0128_cam_raw.png",
  "width": 1920,
  "height": 1280,
  "intrinsic": [
    2084.2156571134137,
    2084.2156571134137,
    982.6994065605393,
    647.3422876254992
  ],
  "world_to_cam": [
    [
      -0.00845518672386535,
      0.9997621307309724,
      0.02010452122609954,
      574.1856416144885
    ],
    [
      -0.9999223914622777,
      -0.008269156041379382,
      -0.009318374897084933,
      12467.191439119018
    ],
    [
      -0.009149910918903801,
      -0.02018174954332341,
      0.9997544579123149,
      535.5325644458688
    ],
    [
      0.0,
      0.0,
      0.0,
      1.0
    ]
  ],
  "vehicle_pose": [
    [
      -0.005177103691259861,
      -0.9999322500010068,
      0.010425593762187286,
      12475.942068463854
    ],
    [
      0.9999755638416167,
      -0.005127786533845939,
      0.004751581305645178,
      -461.7024202558641
    ],
    [
      -0.004697799166715411,
      0.01044993842984365,
      0.9999343625807655,
      -432.879
    ],
    [
      0.0,
      0.0,
      0.0,
      1.0
    ]
  ],
  "pose_xyyaw": {
    "x": 12475.942068463854,
    "y": -461.7024202558641,
    "yaw_deg": 90.29663078994265
  },
  "preprocess": {
    "grayscale": true,
    "clahe": {
      "enabled": true,
      "clip_limit": 2.0,
      "tile_grid": 8
    }
  }
}