{
  "segment_id": "segment-15832924468527961_1564_160_1584_160_with_camera_labels",
  "frame_index": 129,
  "timestamp_us": 1507678839790544,
  "camera_name": "FRONT",
  "image_path": "/home/wakamatsu/ITS/waymo_outputs/cam_gray_test/training/segment-15832924468527961_1564_160_1584_160_with_camera_labels/FRONT/0129_cam.png",
  "image_path_raw": "/home/wakamatsu/ITS/waymo_outputs/cam_gray_test/training/segment-15832924468527961_1564_160_1584_160_with_camera_labels/FRONT/0129_cam_raw.png",
  "width": 1920,
  "height": 1280,
  "intrinsic": [
    2084.2156571134137,
    2084.2156571134137,
    982.6994065605393,
    647.3422876254992
  ],
  "world_to_cam": [
    [
      -0.008340437945736367,
      0.9997818625953564,
      0.01914848088578911,
      570.8103650453996
    ],
    [
      -0.9999300200340612,
      -0.008177948141476713,
      -0.00854846178428024,
      12467.667540754723
    ],
    [
      -0.00839000176134088,
      -0.019218438790792235,
      0.999780105563663,
      526.5443707496017
    ],
    [
      0.0,
      0.0,
      0.0,
      1.0
    ]
  ],
  "vehicle_pose": [
    [
      -0.005081236519562457,
      -0.9999245007222178,
      0.0111881138202884,
      12475.935076983502
    ],
    [
      0.9999710919668742,
      -0.005017549723788446,
      0.005713092450387421,
      -460.16307081502043
    ],
    [
      -0.005656524198624812,
      0.011216819967922011,
      0.9999210902285228,
      -432.886
    ],
    [
      0.0,
      0.0,
      0.0,
      1.0
    ]
  ],
  "pose_xyyaw": {
    "x": 12475.935076983502,
    "y": -460.16307081502043,
    "yaw_deg": 90.29113931784995
  },
  "preprocess": {
    "grayscale": true,
    "clahe": {
      "enabled": true,
      "clip_limit": 2.0,
      "tile_grid": 8
    }
  }
}