{
  "segment_id": "segment-15832924468527961_1564_160_1584_160_with_camera_labels",
  "frame_index": 130,
  "timestamp_us": 1507678839890509,
  "camera_name": "FRONT",
  "image_path": "/home/wakamatsu/ITS/waymo_outputs/cam_gray_test/training/segment-15832924468527961_1564_160_1584_160_with_camera_labels/FRONT/0130_cam.png",
  "image_path_raw": "/home/wakamatsu/ITS/waymo_outputs/cam_gray_test/training/segment-15832924468527961_1564_160_1584_160_with_camera_labels/FRONT/0130_cam_raw.png",
  "width": 1920,
  "height": 1280,
  "intrinsic": [
    2084.2156571134137,
    2084.2156571134137,
    982.6994065605393,
    647.3422876254992
  ],
  "world_to_cam": [
    [
      -0.008103612984649452,
      0.9997855290861845,
      0.019058522672368558,
      566.2780413466528
    ],
    [
      -0.999945560846816,
      -0.007976682502401777,
      -0.006726654369198883,
      12468.748425057005
    ],
    [
      -0.006573187913167089,
      -0.01911199534622282,
      0.9997957415565164,
      503.9720744113347
    ],
    [
      0.0,
      0.0,
      0.0,
      1.0
    ]
  ],
  "vehicle_pose": [
    [
      -0.004889550756948934,
      -0.9999034089947105,
      0.013010187321937821,
      12475.928594045728
    ],
    [
      0.9999715007093181,
      -0.0048142144791985695,
      0.0058155918101718915,
      -458.62216495192536
    ],
    [
      -0.005752396244130235,
      0.013038252172165038,
      0.9998984518028545,
      -432.895
    ],
    [
      0.0,
      0.0,
      0.0,
      1.0
    ]
  ],
  "pose_xyyaw": {
    "x": 12475.928594045728,
    "y": -458.62216495192536,
    "yaw_deg": 90.28015637366458
  },
  "preprocess": {
    "grayscale": true,
    "clahe": {
      "enabled": true,
      "clip_limit": 2.0,
      "tile_grid": 8
    }
  }
}