{
  "segment_id": "segment-15832924468527961_1564_160_1584_160_with_camera_labels",
  "frame_index": 131,
  "timestamp_us": 1507678839990513,
  "camera_name": "FRONT",
  "image_path": "/home/wakamatsu/ITS/waymo_outputs/cam_gray_test/training/segment-15832924468527961_1564_160_1584_160_with_camera_labels/FRONT/0131_cam.png",
  "image_path_raw": "/home/wakamatsu/ITS/waymo_outputs/cam_gray_test/training/segment-15832924468527961_1564_160_1584_160_with_camera_labels/FRONT/0131_cam_raw.png",
  "width": 1920,
  "height": 1280,
  "intrinsic": [
    2084.2156571134137,
    2084.2156571134137,
    982.6994065605393,
    647.3422876254992
  ],
  "world_to_cam": [
    [
      -0.007708220833625331,
      0.9997698928007107,
      0.020018610861780157,
      560.2109274494933
    ],
    [
      -0.9999517038458012,
      -0.007584472265106308,
      -0.006250260501688371,
      12469.21716738588
    ],
    [
      -0.006096991672882375,
      -0.02006582242807783,
      0.9997800705469306,
      497.6277826957802
    ],
    [
      0.0,
      0.0,
      0.0,
      1.0
    ]
  ],
  "vehicle_pose": [
    [
      -0.004506087832283827,
      -0.9998987706730941,
      0.013496057901587564,
      12475.922949892476
    ],
    [
      0.9999783577078818,
      -0.004440928673416211,
      0.004854098100096294,
      -457.0789772896094
    ],
    [
      -0.00479367169249964,
      0.013517638808345568,
      0.9998971417864698,
      -432.90500000000003
    ],
    [
      0.0,
      0.0,
      0.0,
      1.0
    ]
  ],
  "pose_xyyaw": {
    "x": 12475.922949892476,
    "y": -457.0789772896094,
    "yaw_deg": 90.25818365510465
  },
  "preprocess": {
    "grayscale": true,
    "clahe": {
      "enabled": true,
      "clip_limit": 2.0,
      "tile_grid": 8
    }
  }
}