{
  "segment_id": "segment-15832924468527961_1564_160_1584_160_with_camera_labels",
  "frame_index": 132,
  "timestamp_us": 1507678840090472,
  "camera_name": "FRONT",
  "image_path": "/home/wakamatsu/ITS/waymo_outputs/cam_gray_test/training/segment-15832924468527961_1564_160_1584_160_with_camera_labels/FRONT/0132_cam.png",
  "image_path_raw": "/home/wakamatsu/ITS/waymo_outputs/cam_gray_test/training/segment-15832924468527961_1564_160_1584_160_with_camera_labels/FRONT/0132_cam_raw.png",
  "width": 1920,
  "height": 1280,
  "intrinsic": [
    2084.2156571134137,
    2084.2156571134137,
    982.6994065605393,
    647.3422876254992
  ],
  "world_to_cam": [
    [
      -0.007523401301794793,
      0.9997268724095015,
      0.02212643249981342,
      557.2533977985377
    ],
    [
      -0.9999513505106885,
      -0.007380247861359697,
      -0.00654435278352057,
      12469.184858634071
    ],
    [
      -0.0063792667840771675,
      -0.022174591852422966,
      0.9997337607740753,
      500.20873010465243
    ],
    [
      0.0,
      0.0,
      0.0,
      1.0
    ]
  ],
  "vehicle_pose": [
    [
      -0.004314318179973071,
      -0.9999033243541197,
      0.013218494778976646,
      12475.917671788624
    ],
    [
      0.9999870900743387,
      -0.004278440470072102,
      0.002741282874917235,
      -455.53383761873624
    ],
    [
      -0.002684463316608952,
      0.0132301508957354,
      0.9999088742300359,
      -432.914
    ],
    [
      0.0,
      0.0,
      0.0,
      1.0
    ]
  ],
  "pose_xyyaw": {
    "x": 12475.917671788624,
    "y": -455.53383761873624,
    "yaw_deg": 90.2471938807301
  },
  "preprocess": {
    "grayscale": true,
    "clahe": {
      "enabled": true,
      "clip_limit": 2.0,
      "tile_grid": 8
    }
  }
}