{
  "segment_id": "segment-15832924468527961_1564_160_1584_160_with_camera_labels",
  "frame_index": 133,
  "timestamp_us": 1507678840190469,
  "camera_name": "FRONT",
  "image_path": "/home/wakamatsu/ITS/waymo_outputs/cam_gray_test/training/segment-15832924468527961_1564_160_1584_160_with_camera_labels/FRONT/0133_cam.png",
  "image_path_raw": "/home/wakamatsu/ITS/waymo_outputs/cam_gray_test/training/segment-15832924468527961_1564_160_1584_160_with_camera_labels/FRONT/0133_cam_raw.png",
  "width": 1920,
  "height": 1280,
  "intrinsic": [
    2084.2156571134137,
    2084.2156571134137,
    982.6994065605393,
    647.3422876254992
  ],
  "world_to_cam": [
    [
      -0.007719894481997945,
      0.9997211269728724,
      0.02231751584018548,
      558.2394716954632
    ],
    [
      -0.9999486452237184,
      -0.007571263441152482,
      -0.006736682058301621,
      12468.987546330436
    ],
    [
      -0.006565831587605081,
      -0.022368376203801204,
      0.9997282358729138,
      502.48417673118234
    ],
    [
      0.0,
      0.0,
      0.0,
      1.0
    ]
  ],
  "vehicle_pose": [
    [
      -0.004506125606747889,
      -0.9999049901839471,
      0.013027103947418914,
      12475.912708443175
    ],
    [
      0.999986740510868,
      -0.004473255693417536,
      0.0025512322417613133,
      -453.9878912876685
    ],
    [
      -0.002492716282753782,
      0.013038427387609063,
      0.9999118890066223,
      -432.918
    ],
    [
      0.0,
      0.0,
      0.0,
      1.0
    ]
  ],
  "pose_xyyaw": {
    "x": 12475.912708443175,
    "y": -453.9878912876685,
    "yaw_deg": 90.25818365510465
  },
  "preprocess": {
    "grayscale": true,
    "clahe": {
      "enabled": true,
      "clip_limit": 2.0,
      "tile_grid": 8
    }
  }
}