{
  "segment_id": "segment-15832924468527961_1564_160_1584_160_with_camera_labels",
  "frame_index": 134,
  "timestamp_us": 1507678840290468,
  "camera_name": "FRONT",
  "image_path": "/home/wakamatsu/ITS/waymo_outputs/cam_gray_test/training/segment-15832924468527961_1564_160_1584_160_with_camera_labels/FRONT/0134_cam.png",
  "image_path_raw": "/home/wakamatsu/ITS/waymo_outputs/cam_gray_test/training/segment-15832924468527961_1564_160_1584_160_with_camera_labels/FRONT/0134_cam_raw.png",
  "width": 1920,
  "height": 1280,
  "intrinsic": [
    2084.2156571134137,
    2084.2156571134137,
    982.6994065605393,
    647.3422876254992
  ],
  "world_to_cam": [
    [
      -0.007921102933082519,
      0.9997322527464136,
      0.021741180899490144,
      558.9573961506479
    ],
    [
      -0.999944491886799,
      -0.007767980676552404,
      -0.007118400203712749,
      12468.688548284581
    ],
    [
      -0.006947609198495605,
      -0.021796359668292138,
      0.9997382904698786,
      507.5479571423724
    ],
    [
      0.0,
      0.0,
      0.0,
      1.0
    ]
  ],
  "vehicle_pose": [
    [
      -0.004697804005136209,
      -0.9999090706590184,
      0.0126404529723947,
      12475.90808072078
    ],
    [
      0.9999842590152638,
      -0.004658625344205436,
      0.003127128330637088,
      -452.4395683482161
    ],
    [
      -0.0030679568483393833,
      0.012654944635213645,
      0.9999152164144,
      -432.921
    ],
    [
      0.0,
      0.0,
      0.0,
      1.0
    ]
  ],
  "pose_xyyaw": {
    "x": 12475.90808072078,
    "y": -452.4395683482161,
    "yaw_deg": 90.26916659929003
  },
  "preprocess": {
    "grayscale": true,
    "clahe": {
      "enabled": true,
      "clip_limit": 2.0,
      "tile_grid": 8
    }
  }
}