{
  "segment_id": "segment-15832924468527961_1564_160_1584_160_with_camera_labels",
  "frame_index": 135,
  "timestamp_us": 1507678840390443,
  "camera_name": "FRONT",
  "image_path": "/home/wakamatsu/ITS/waymo_outputs/cam_gray_test/training/segment-15832924468527961_1564_160_1584_160_with_camera_labels/FRONT/0135_cam.png",
  "image_path_raw": "/home/wakamatsu/ITS/waymo_outputs/cam_gray_test/training/segment-15832924468527961_1564_160_1584_160_with_camera_labels/FRONT/0135_cam_raw.png",
  "width": 1920,
  "height": 1280,
  "intrinsic": [
    2084.2156571134137,
    2084.2156571134137,
    982.6994065605393,
    647.3422876254992
  ],
  "world_to_cam": [
    [
      -0.008450360152657795,
      0.9997484404358024,
      0.020776122339628274,
      563.5997286953034
    ],
    [
      -0.9999241989798613,
      -0.008262138819237276,
      -0.009128710566906808,
      12467.348152701828
    ],
    [
      -0.008954758945559447,
      -0.02085168838038014,
      0.9997424765327891,
      533.0544682759385
    ],
    [
      0.0,
      0.0,
      0.0,
      1.0
    ]
  ],
  "vehicle_pose": [
    [
      -0.005177118847784674,
      -0.9999301955560289,
      0.010620802969541203,
      12475.901964766796
    ],
    [
      0.99997849137704,
      -0.005134017052015345,
      0.004081501220009853,
      -450.8889851494778
    ],
    [
      -0.004026688929534903,
      0.010641704947587965,
      0.999935267850911,
      -432.925
    ],
    [
      0.0,
      0.0,
      0.0,
      1.0
    ]
  ],
  "pose_xyyaw": {
    "x": 12475.901964766796,
    "y": -450.8889851494778,
    "yaw_deg": 90.29663078994265
  },
  "preprocess": {
    "grayscale": true,
    "clahe": {
      "enabled": true,
      "clip_limit": 2.0,
      "tile_grid": 8
    }
  }
}