{
  "segment_id": "segment-15832924468527961_1564_160_1584_160_with_camera_labels",
  "frame_index": 136,
  "timestamp_us": 1507678840490408,
  "camera_name": "FRONT",
  "image_path": "/home/wakamatsu/ITS/waymo_outputs/cam_gray_test/training/segment-15832924468527961_1564_160_1584_160_with_camera_labels/FRONT/0136_cam.png",
  "image_path_raw": "/home/wakamatsu/ITS/waymo_outputs/cam_gray_test/training/segment-15832924468527961_1564_160_1584_160_with_camera_labels/FRONT/0136_cam_raw.png",
  "width": 1920,
  "height": 1280,
  "intrinsic": [
    2084.2156571134137,
    2084.2156571134137,
    982.6994065605393,
    647.3422876254992
  ],
  "world_to_cam": [
    [
      -0.00908517186781745,
      0.9997810235945706,
      0.018851114352341703,
      569.1481827030709
    ],
    [
      -0.9998943160791993,
      -0.008868999513972181,
      -0.011519440964373427,
      12465.673371417328
    ],
    [
      -0.011349727954569738,
      -0.018953778193647988,
      0.999755939200935,
      563.8287970873599
    ],
    [
      0.0,
      0.0,
      0.0,
      1.0
    ]
  ],
  "vehicle_pose": [
    [
      -0.005752354626558675,
      -0.999949745944951,
      0.008210724747431612,
      12475.894904683557
    ],
    [
      0.9999657882189203,
      -0.005703251774566941,
      0.0059912695573655925,
      -449.33593178390277
    ],
    [
      -0.005944140641289175,
      0.00824490775107132,
      0.999948343009884,
      -432.92900000000003
    ],
    [
      0.0,
      0.0,
      0.0,
      1.0
    ]
  ],
  "pose_xyyaw": {
    "x": 12475.894904683557,
    "y": -449.33593178390277,
    "yaw_deg": 90.32959328287713
  },
  "preprocess": {
    "grayscale": true,
    "clahe": {
      "enabled": true,
      "clip_limit": 2.0,
      "tile_grid": 8
    }
  }
}