{
  "segment_id": "segment-15832924468527961_1564_160_1584_160_with_camera_labels",
  "frame_index": 137,
  "timestamp_us": 1507678840590410,
  "camera_name": "FRONT",
  "image_path": "/home/wakamatsu/ITS/waymo_outputs/cam_gray_test/training/segment-15832924468527961_1564_160_1584_160_with_camera_labels/FRONT/0137_cam.png",
  "image_path_raw": "/home/wakamatsu/ITS/waymo_outputs/cam_gray_test/training/segment-15832924468527961_1564_160_1584_160_with_camera_labels/FRONT/0137_cam_raw.png",
  "width": 1920,
  "height": 1280,
  "intrinsic": [
    2084.2156571134137,
    2084.2156571134137,
    982.6994065605393,
    647.3422876254992
  ],
  "world_to_cam": [
    [
      -0.009305218902811312,
      0.9997586390875943,
      0.01990167005283889,
      570.7800721247382
    ],
    [
      -0.9998787008659228,
      -0.00905405955323855,
      -0.012673103814029786,
      12464.902379672643
    ],
    [
      -0.012489854116262916,
      -0.02001718200266239,
      0.9997216192364886,
      577.6013103723348
    ],
    [
      0.0,
      0.0,
      0.0,
      1.0
    ]
  ],
  "vehicle_pose": [
    [
      -0.005944070456182816,
      -0.9999573730744512,
      0.007065412971259031,
      12475.887348568553
    ],
    [
      0.9999703797511338,
      -0.005909303156613851,
      0.0049315065220125655,
      -447.77727475305915
    ],
    [
      -0.004889544639877367,
      0.007094516914190447,
      0.999962879402515,
      -432.939
    ],
    [
      0.0,
      0.0,
      0.0,
      1.0
    ]
  ],
  "pose_xyyaw": {
    "x": 12475.887348568553,
    "y": -447.77727475305915,
    "yaw_deg": 90.34057622706251
  },
  "preprocess": {
    "grayscale": true,
    "clahe": {
      "enabled": true,
      "clip_limit": 2.0,
      "tile_grid": 8
    }
  }
}