{
  "segment_id": "segment-15832924468527961_1564_160_1584_160_with_camera_labels",
  "frame_index": 138,
  "timestamp_us": 1507678840690409,
  "camera_name": "FRONT",
  "image_path": "/home/wakamatsu/ITS/waymo_outputs/cam_gray_test/training/segment-15832924468527961_1564_160_1584_160_with_camera_labels/FRONT/0138_cam.png",
  "image_path_raw": "/home/wakamatsu/ITS/waymo_outputs/cam_gray_test/training/segment-15832924468527961_1564_160_1584_160_with_camera_labels/FRONT/0138_cam_raw.png",
  "width": 1920,
  "height": 1280,
  "intrinsic": [
    2084.2156571134137,
    2084.2156571134137,
    982.6994065605393,
    647.3422876254992
  ],
  "world_to_cam": [
    [
      -0.009441753228986632,
      0.9996666367627727,
      0.024030577175137048,
      572.6673594421644
    ],
    [
      -0.9999028240600824,
      -0.009192038385152075,
      -0.01048088102201068,
      12466.096185068274
    ],
    [
      -0.010256497093772961,
      -0.02412719987344549,
      0.9996562821758449,
      547.9191622317707
    ],
    [
      0.0,
      0.0,
      0.0,
      1.0
    ]
  ],
  "vehicle_pose": [
    [
      -0.006135943954799803,
      -0.9999379770422502,
      0.009294743699322754,
      12475.878636727512
    ],
    [
      0.9999808807760284,
      -0.00612854783821638,
      0.0008240047287018841,
      -446.2140796039
    ],
    [
      -0.0007669903400861504,
      0.009299622037870013,
      0.999956463430169,
      -432.951
    ],
    [
      0.0,
      0.0,
      0.0,
      1.0
    ]
  ],
  "pose_xyyaw": {
    "x": 12475.878636727512,
    "y": -446.2140796039,
    "yaw_deg": 90.35156600143706
  },
  "preprocess": {
    "grayscale": true,
    "clahe": {
      "enabled": true,
      "clip_limit": 2.0,
      "tile_grid": 8
    }
  }
}