{
  "segment_id": "segment-15832924468527961_1564_160_1584_160_with_camera_labels",
  "frame_index": 139,
  "timestamp_us": 1507678840790414,
  "camera_name": "FRONT",
  "image_path": "/home/wakamatsu/ITS/waymo_outputs/cam_gray_test/training/segment-15832924468527961_1564_160_1584_160_with_camera_labels/FRONT/0139_cam.png",
  "image_path_raw": "/home/wakamatsu/ITS/waymo_outputs/cam_gray_test/training/segment-15832924468527961_1564_160_1584_160_with_camera_labels/FRONT/0139_cam_raw.png",
  "width": 1920,
  "height": 1280,
  "intrinsic": [
    2084.2156571134137,
    2084.2156571134137,
    982.6994065605393,
    647.3422876254992
  ],
  "world_to_cam": [
    [
      -0.010102208731292528,
      0.9995195245646118,
      0.029302992899735578,
      581.558107579738
    ],
    [
      -0.999900741014383,
      -0.009809566860233545,
      -0.010113383059197402,
      12465.960586360847
    ],
    [
      -0.00982107415901387,
      -0.02940225182102834,
      0.999519411562485,
      540.1248019038011
    ],
    [
      0.0,
      0.0,
      0.0,
      1.0
    ]
  ],
  "vehicle_pose": [
    [
      -0.006807010885438227,
      -0.9999296532989488,
      0.009713550136260768,
      12475.870146422818
    ],
    [
      0.9999666794871082,
      -0.006850392429985431,
      -0.004439824217493891,
      -444.64719733089
    ],
    [
      0.004506053520828668,
      0.009683004544010314,
      0.9999429658258855,
      -432.956
    ],
    [
      0.0,
      0.0,
      0.0,
      1.0
    ]
  ],
  "pose_xyyaw": {
    "x": 12475.870146422818,
    "y": -444.64719733089,
    "yaw_deg": 90.39001996646424
  },
  "preprocess": {
    "grayscale": true,
    "clahe": {
      "enabled": true,
      "clip_limit": 2.0,
      "tile_grid": 8
    }
  }
}