{
  "segment_id": "segment-15832924468527961_1564_160_1584_160_with_camera_labels",
  "frame_index": 140,
  "timestamp_us": 1507678840890405,
  "camera_name": "FRONT",
  "image_path": "/home/wakamatsu/ITS/waymo_outputs/cam_gray_test/training/segment-15832924468527961_1564_160_1584_160_with_camera_labels/FRONT/0140_cam.png",
  "image_path_raw": "/home/wakamatsu/ITS/waymo_outputs/cam_gray_test/training/segment-15832924468527961_1564_160_1584_160_with_camera_labels/FRONT/0140_cam_raw.png",
  "width": 1920,
  "height": 1280,
  "intrinsic": [
    2084.2156571134137,
    2084.2156571134137,
    982.6994065605393,
    647.3422876254992
  ],
  "world_to_cam": [
    [
      -0.011002171864273554,
      0.9994461497901285,
      0.0314061440478993,
      592.0981729897014
    ],
    [
      -0.9998754774255278,
      -0.010640702306047287,
      -0.011653544418191946,
      12464.616654693642
    ],
    [
      -0.011312906670775653,
      -0.03153044757250511,
      0.9994387670180378,
      557.7977842426774
    ],
    [
      0.0,
      0.0,
      0.0,
      1.0
    ]
  ],
  "vehicle_pose": [
    [
      -0.007669726374569069,
      -0.9999369682910465,
      0.008199679399209337,
      12475.861035435662
    ],
    [
      0.9999487056063161,
      -0.007723546764987069,
      -0.00655232642821448,
      -443.0809461516492
    ],
    [
      0.006615244031179783,
      0.00814900425080489,
      0.9999449146208647,
      -432.949
    ],
    [
      0.0,
      0.0,
      0.0,
      1.0
    ]
  ],
  "pose_xyyaw": {
    "x": 12475.861035435662,
    "y": -443.0809461516492,
    "yaw_deg": 90.43945687567678
  },
  "preprocess": {
    "grayscale": true,
    "clahe": {
      "enabled": true,
      "clip_limit": 2.0,
      "tile_grid": 8
    }
  }
}