{
  "segment_id": "segment-15832924468527961_1564_160_1584_160_with_camera_labels",
  "frame_index": 141,
  "timestamp_us": 1507678840990375,
  "camera_name": "FRONT",
  "image_path": "/home/wakamatsu/ITS/waymo_outputs/cam_gray_test/training/segment-15832924468527961_1564_160_1584_160_with_camera_labels/FRONT/0141_cam.png",
  "image_path_raw": "/home/wakamatsu/ITS/waymo_outputs/cam_gray_test/training/segment-15832924468527961_1564_160_1584_160_with_camera_labels/FRONT/0141_cam_raw.png",
  "width": 1920,
  "height": 1280,
  "intrinsic": [
    2084.2156571134137,
    2084.2156571134137,
    982.6994065605393,
    647.3422876254992
  ],
  "world_to_cam": [
    [
      -0.011263176930112797,
      0.9995075400830341,
      0.029288532954099455,
      592.9015120864934
    ],
    [
      -0.9998371155019116,
      -0.010844127802663136,
      -0.014427312882758838,
      12462.853705756648
    ],
    [
      -0.014102599414947787,
      -0.02944625968373409,
      0.9994668751291258,
      593.5701375051646
    ],
    [
      0.0,
      0.0,
      0.0,
      1.0
    ]
  ],
  "vehicle_pose": [
    [
      -0.007861497143263122,
      -0.9999544948933278,
      0.005404165550388169,
      12475.850573866885
    ],
    [
      0.999958945329424,
      -0.007885655485962822,
      -0.004463641251580498,
      -441.5173676355529
    ],
    [
      0.004506053520828668,
      0.0053688527812039075,
      0.9999754351490246,
      -432.93600000000004
    ],
    [
      0.0,
      0.0,
      0.0,
      1.0
    ]
  ],
  "pose_xyyaw": {
    "x": 12475.850573866885,
    "y": -441.5173676355529,
    "yaw_deg": 90.45043981986217
  },
  "preprocess": {
    "grayscale": true,
    "clahe": {
      "enabled": true,
      "clip_limit": 2.0,
      "tile_grid": 8
    }
  }
}