{
  "segment_id": "segment-15832924468527961_1564_160_1584_160_with_camera_labels",
  "frame_index": 142,
  "timestamp_us": 1507678841090347,
  "camera_name": "FRONT",
  "image_path": "/home/wakamatsu/ITS/waymo_outputs/cam_gray_test/training/segment-15832924468527961_1564_160_1584_160_with_camera_labels/FRONT/0142_cam.png",
  "image_path_raw": "/home/wakamatsu/ITS/waymo_outputs/cam_gray_test/training/segment-15832924468527961_1564_160_1584_160_with_camera_labels/FRONT/0142_cam_raw.png",
  "width": 1920,
  "height": 1280,
  "intrinsic": [
    2084.2156571134137,
    2084.2156571134137,
    982.6994065605393,
    647.3422876254992
  ],
  "world_to_cam": [
    [
      -0.011176867127560951,
      0.9996089590296147,
      0.025632141325749765,
      588.7234306089042
    ],
    [
      -0.9997691027799134,
      -0.010700836565696254,
      -0.01863419500384942,
      12460.252244902922
    ],
    [
      -0.018352622914997088,
      -0.025834494857159863,
      0.9994977539282495,
      648.230996566446
    ],
    [
      0.0,
      0.0,
      0.0,
      1.0
    ]
  ],
  "vehicle_pose": [
    [
      -0.007669891344013978,
      -0.9999699165258811,
      0.0011570695714532794,
      12475.838756913698
    ],
    [
      0.9999702136725553,
      -0.00767088180654798,
      -0.000854014036081724,
      -439.9540567766825
    ],
    [
      0.0008628640882971438,
      0.0011504849117371383,
      0.9999989659244818,
      -432.926
    ],
    [
      0.0,
      0.0,
      0.0,
      1.0
    ]
  ],
  "pose_xyyaw": {
    "x": 12475.838756913698,
    "y": -439.9540567766825,
    "yaw_deg": 90.43945687567678
  },
  "preprocess": {
    "grayscale": true,
    "clahe": {
      "enabled": true,
      "clip_limit": 2.0,
      "tile_grid": 8
    }
  }
}