{
  "segment_id": "segment-15832924468527961_1564_160_1584_160_with_camera_labels",
  "frame_index": 143,
  "timestamp_us": 1507678841190338,
  "camera_name": "FRONT",
  "image_path": "/home/wakamatsu/ITS/waymo_outputs/cam_gray_test/training/segment-15832924468527961_1564_160_1584_160_with_camera_labels/FRONT/0143_cam.png",
  "image_path_raw": "/home/wakamatsu/ITS/waymo_outputs/cam_gray_test/training/segment-15832924468527961_1564_160_1584_160_with_camera_labels/FRONT/0143_cam_raw.png",
  "width": 1920,
  "height": 1280,
  "intrinsic": [
    2084.2156571134137,
    2084.2156571134137,
    982.6994065605393,
    647.3422876254992
  ],
  "world_to_cam": [
    [
      -0.010958494897566015,
      0.9996543602783758,
      0.02389709953135166,
      583.702317779049
    ],
    [
      -0.9997162194868396,
      -0.010447390234698276,
      -0.021408702254575522,
      12458.506953357424
    ],
    [
      -0.021151640232406455,
      -0.02412492515460388,
      0.999485165523613,
      683.9322861073379
    ],
    [
      0.0,
      0.0,
      0.0,
      1.0
    ]
  ],
  "vehicle_pose": [
    [
      -0.007382247583074329,
      -0.9999714122601584,
      -0.0016361794053205946,
      12475.826453098001
    ],
    [
      0.9999723785616217,
      -0.007383646830163633,
      0.0008508074400792215,
      -438.38815620269986
    ],
    [
      -0.0008628640882971438,
      -0.001629853340523788,
      0.9999982995203809,
      -432.923
    ],
    [
      0.0,
      0.0,
      0.0,
      1.0
    ]
  ],
  "pose_xyyaw": {
    "x": 12475.826453098001,
    "y": -438.38815620269986,
    "yaw_deg": 90.42297562920955
  },
  "preprocess": {
    "grayscale": true,
    "clahe": {
      "enabled": true,
      "clip_limit": 2.0,
      "tile_grid": 8
    }
  }
}