{
  "segment_id": "segment-15832924468527961_1564_160_1584_160_with_camera_labels",
  "frame_index": 144,
  "timestamp_us": 1507678841290333,
  "camera_name": "FRONT",
  "image_path": "/home/wakamatsu/ITS/waymo_outputs/cam_gray_test/training/segment-15832924468527961_1564_160_1584_160_with_camera_labels/FRONT/0144_cam.png",
  "image_path_raw": "/home/wakamatsu/ITS/waymo_outputs/cam_gray_test/training/segment-15832924468527961_1564_160_1584_160_with_camera_labels/FRONT/0144_cam_raw.png",
  "width": 1920,
  "height": 1280,
  "intrinsic": [
    2084.2156571134137,
    2084.2156571134137,
    982.6994065605393,
    647.3422876254992
  ],
  "world_to_cam": [
    [
      -0.01134299585242198,
      0.9996052458010625,
      0.025703871538921518,
      587.6912222657882
    ],
    [
      -0.9996216157563514,
      -0.010691485883390752,
      -0.025343982367941113,
      12455.521029817353
    ],
    [
      -0.025059165144776702,
      -0.025981622285813834,
      0.9993482844062145,
      731.8521535698724
    ],
    [
      0.0,
      0.0,
      0.0,
      1.0
    ]
  ],
  "vehicle_pose": [
    [
      -0.0076698906742635785,
      -0.9999551667306266,
      -0.005553134769600717,
      12475.814764776871
    ],
    [
      0.9999701263531372,
      -0.007664444567951366,
      -0.001001344473951017,
      -436.8188675385986
    ],
    [
      0.0009587378867845129,
      -0.00556064907985611,
      0.9999840798750124,
      -432.926
    ],
    [
      0.0,
      0.0,
      0.0,
      1.0
    ]
  ],
  "pose_xyyaw": {
    "x": 12475.814764776871,
    "y": -436.8188675385986,
    "yaw_deg": 90.43945687567678
  },
  "preprocess": {
    "grayscale": true,
    "clahe": {
      "enabled": true,
      "clip_limit": 2.0,
      "tile_grid": 8
    }
  }
}