{
  "segment_id": "segment-15832924468527961_1564_160_1584_160_with_camera_labels",
  "frame_index": 145,
  "timestamp_us": 1507678841390373,
  "camera_name": "FRONT",
  "image_path": "/home/wakamatsu/ITS/waymo_outputs/cam_gray_test/training/segment-15832924468527961_1564_160_1584_160_with_camera_labels/FRONT/0145_cam.png",
  "image_path_raw": "/home/wakamatsu/ITS/waymo_outputs/cam_gray_test/training/segment-15832924468527961_1564_160_1584_160_with_camera_labels/FRONT/0145_cam_raw.png",
  "width": 1920,
  "height": 1280,
  "intrinsic": [
    2084.2156571134137,
    2084.2156571134137,
    982.6994065605393,
    647.3422876254992
  ],
  "world_to_cam": [
    [
      -0.011244225706771964,
      0.9995282825860178,
      0.028579357916182244,
      586.1001641345633
    ],
    [
      -0.9996256101771935,
      -0.0105231587015295,
      -0.025256733930100337,
      12455.68498398044
    ],
    [
      -0.024944074769945392,
      -0.028852650512362018,
      0.9992723941409983,
      729.1743088553244
    ],
    [
      0.0,
      0.0,
      0.0,
      1.0
    ]
  ],
  "vehicle_pose": [
    [
      -0.007573997019364281,
      -0.9999565435910706,
      -0.005435577112879547,
      12475.801051233992
    ],
    [
      0.9999639632423625,
      -0.0075529831033911005,
      -0.0038761660009755125,
      -435.24820690806996
    ],
    [
      0.0038349427346299368,
      -0.00546473930204246,
      0.9999777146709735,
      -432.926
    ],
    [
      0.0,
      0.0,
      0.0,
      1.0
    ]
  ],
  "pose_xyyaw": {
    "x": 12475.801051233992,
    "y": -435.24820690806996,
    "yaw_deg": 90.4339654035841
  },
  "preprocess": {
    "grayscale": true,
    "clahe": {
      "enabled": true,
      "clip_limit": 2.0,
      "tile_grid": 8
    }
  }
}