{
  "segment_id": "segment-15832924468527961_1564_160_1584_160_with_camera_labels",
  "frame_index": 146,
  "timestamp_us": 1507678841490407,
  "camera_name": "FRONT",
  "image_path": "/home/wakamatsu/ITS/waymo_outputs/cam_gray_test/training/segment-15832924468527961_1564_160_1584_160_with_camera_labels/FRONT/0146_cam.png",
  "image_path_raw": "/home/wakamatsu/ITS/waymo_outputs/cam_gray_test/training/segment-15832924468527961_1564_160_1584_160_with_camera_labels/FRONT/0146_cam_raw.png",
  "width": 1920,
  "height": 1280,
  "intrinsic": [
    2084.2156571134137,
    2084.2156571134137,
    982.6994065605393,
    647.3422876254992
  ],
  "world_to_cam": [
    [
      -0.01106436990458151,
      0.9995303401250957,
      0.02857759416090164,
      582.2878813528603
    ],
    [
      -0.9996154074731857,
      -0.01032949469004148,
      -0.025735941437330465,
      12455.43822917611
    ],
    [
      -0.02542866219115527,
      -0.02885135540765829,
      0.9992602175761373,
      735.2531665362573
    ],
    [
      0.0,
      0.0,
      0.0,
      1.0
    ]
  ],
  "vehicle_pose": [
    [
      -0.00738219604645795,
      -0.9999552530217651,
      -0.005915668661199801,
      12475.788361152827
    ],
    [
      0.9999653975992139,
      -0.007359325094467074,
      -0.0038786516213985397,
      -433.6792409382796
    ],
    [
      0.0038349427346299368,
      -0.005944096931526944,
      0.9999749801499489,
      -432.919
    ],
    [
      0.0,
      0.0,
      0.0,
      1.0
    ]
  ],
  "pose_xyyaw": {
    "x": 12475.788361152827,
    "y": -433.6792409382796,
    "yaw_deg": 90.42297562920955
  },
  "preprocess": {
    "grayscale": true,
    "clahe": {
      "enabled": true,
      "clip_limit": 2.0,
      "tile_grid": 8
    }
  }
}