{
  "segment_id": "segment-15832924468527961_1564_160_1584_160_with_camera_labels",
  "frame_index": 147,
  "timestamp_us": 1507678841590444,
  "camera_name": "FRONT",
  "image_path": "/home/wakamatsu/ITS/waymo_outputs/cam_gray_test/training/segment-15832924468527961_1564_160_1584_160_with_camera_labels/FRONT/0147_cam.png",
  "image_path_raw": "/home/wakamatsu/ITS/waymo_outputs/cam_gray_test/training/segment-15832924468527961_1564_160_1584_160_with_camera_labels/FRONT/0147_cam_raw.png",
  "width": 1920,
  "height": 1280,
  "intrinsic": [
    2084.2156571134137,
    2084.2156571134137,
    982.6994065605393,
    647.3422876254992
  ],
  "world_to_cam": [
    [
      -0.010878450734837548,
      0.9996624534998302,
      0.023593184869988525,
      576.3023351149167
    ],
    [
      -0.99961149439924,
      -0.010266329035995482,
      -0.02591259834603145,
      12455.343657421501
    ],
    [
      -0.025661636240267065,
      -0.0238659077100457,
      0.9993857607924219,
      740.4031749220911
    ],
    [
      0.0,
      0.0,
      0.0,
      1.0
    ]
  ],
  "vehicle_pose": [
    [
      -0.007190562123769904,
      -0.9999552725480206,
      -0.006143998678235341,
      12475.77535483637
    ],
    [
      0.9999734857484106,
      -0.007197490585185506,
      0.0011063134499649109,
      -432.1135825099816
    ],
    [
      -0.0011504853400251943,
      -0.006135880759118285,
      0.9999805134855341,
      -432.909
    ],
    [
      0.0,
      0.0,
      0.0,
      1.0
    ]
  ],
  "pose_xyyaw": {
    "x": 12475.77535483637,
    "y": -432.1135825099816,
    "yaw_deg": 90.41199268502416
  },
  "preprocess": {
    "grayscale": true,
    "clahe": {
      "enabled": true,
      "clip_limit": 2.0,
      "tile_grid": 8
    }
  }
}