{
  "segment_id": "segment-15832924468527961_1564_160_1584_160_with_camera_labels",
  "frame_index": 148,
  "timestamp_us": 1507678841690436,
  "camera_name": "FRONT",
  "image_path": "/home/wakamatsu/ITS/waymo_outputs/cam_gray_test/training/segment-15832924468527961_1564_160_1584_160_with_camera_labels/FRONT/0148_cam.png",
  "image_path_raw": "/home/wakamatsu/ITS/waymo_outputs/cam_gray_test/training/segment-15832924468527961_1564_160_1584_160_with_camera_labels/FRONT/0148_cam_raw.png",
  "width": 1920,
  "height": 1280,
  "intrinsic": [
    2084.2156571134137,
    2084.2156571134137,
    982.6994065605393,
    647.3422876254992
  ],
  "world_to_cam": [
    [
      -0.010054129203561994,
      0.9998032724869417,
      0.017097684356679427,
      561.7029744386792
    ],
    [
      -0.9997594590752719,
      -0.009717447375179386,
      -0.01966202446419062,
      12460.13574302334
    ],
    [
      -0.019492010555042624,
      -0.017291256198240134,
      0.9996604793546701,
      666.4180471989345
    ],
    [
      0.0,
      0.0,
      0.0,
      1.0
    ]
  ],
  "vehicle_pose": [
    [
      -0.00651924260428717,
      -0.9999787484601451,
      4.586881730688707e-05,
      12475.763133210668
    ],
    [
      0.9999493353155013,
      -0.0065186990141291225,
      0.00767029107988198,
      -430.5492151341874
    ],
    [
      -0.007669829069371238,
      9.587098177298034e-05,
      0.9999705818326865,
      -432.908
    ],
    [
      0.0,
      0.0,
      0.0,
      1.0
    ]
  ],
  "pose_xyyaw": {
    "x": 12475.763133210668,
    "y": -430.5492151341874,
    "yaw_deg": 90.373538719997
  },
  "preprocess": {
    "grayscale": true,
    "clahe": {
      "enabled": true,
      "clip_limit": 2.0,
      "tile_grid": 8
    }
  }
}