{
  "segment_id": "segment-15832924468527961_1564_160_1584_160_with_camera_labels",
  "frame_index": 149,
  "timestamp_us": 1507678841790477,
  "camera_name": "FRONT",
  "image_path": "/home/wakamatsu/ITS/waymo_outputs/cam_gray_test/training/segment-15832924468527961_1564_160_1584_160_with_camera_labels/FRONT/0149_cam.png",
  "image_path_raw": "/home/wakamatsu/ITS/waymo_outputs/cam_gray_test/training/segment-15832924468527961_1564_160_1584_160_with_camera_labels/FRONT/0149_cam_raw.png",
  "width": 1920,
  "height": 1280,
  "intrinsic": [
    2084.2156571134137,
    2084.2156571134137,
    982.6994065605393,
    647.3422876254992
  ],
  "world_to_cam": [
    [
      -0.009281255959895322,
      0.9998569442534353,
      0.014140343559823989,
      549.2359067991268
    ],
    [
      -0.9998383299564018,
      -0.00906144159544036,
      -0.015530750986533955,
      12463.19443143429
    ],
    [
      -0.015400397326050058,
      -0.014282202365019599,
      0.9997793988964788,
      616.7523115354335
    ],
    [
      0.0,
      0.0,
      0.0,
      1.0
    ]
  ],
  "vehicle_pose": [
    [
      -0.005847967746474487,
      -0.999974263609564,
      0.004156127012811993,
      12475.75290373309
    ],
    [
      0.9999262740586532,
      -0.0058033559364833835,
      0.01066618521560935,
      -428.98119425158575
    ],
    [
      -0.010641791222129595,
      0.004218196105554422,
      0.9999344774039945,
      -432.919
    ],
    [
      0.0,
      0.0,
      0.0,
      1.0
    ]
  ],
  "pose_xyyaw": {
    "x": 12475.75290373309,
    "y": -428.98119425158575,
    "yaw_deg": 90.33508475496983
  },
  "preprocess": {
    "grayscale": true,
    "clahe": {
      "enabled": true,
      "clip_limit": 2.0,
      "tile_grid": 8
    }
  }
}