{
  "segment_id": "segment-15832924468527961_1564_160_1584_160_with_camera_labels",
  "frame_index": 150,
  "timestamp_us": 1507678841890516,
  "camera_name": "FRONT",
  "image_path": "/home/wakamatsu/ITS/waymo_outputs/cam_gray_test/training/segment-15832924468527961_1564_160_1584_160_with_camera_labels/FRONT/0150_cam.png",
  "image_path_raw": "/home/wakamatsu/ITS/waymo_outputs/cam_gray_test/training/segment-15832924468527961_1564_160_1584_160_with_camera_labels/FRONT/0150_cam_raw.png",
  "width": 1920,
  "height": 1280,
  "intrinsic": [
    2084.2156571134137,
    2084.2156571134137,
    982.6994065605393,
    647.3422876254992
  ],
  "world_to_cam": [
    [
      -0.008537315739711789,
      0.9998477573480562,
      0.015217633391010139,
      538.8455212297386
    ],
    [
      -0.9999265854535065,
      -0.008405149813027374,
      -0.008727952790418476,
      12467.526126888491
    ],
    [
      -0.008598717535288453,
      -0.01529102948408914,
      0.9998461113961813,
      531.5353064669313
    ],
    [
      0.0,
      0.0,
      0.0,
      1.0
    ]
  ],
  "vehicle_pose": [
    [
      -0.005272880642590019,
      -0.999925875142842,
      0.010974559196185589,
      12475.74389974973
    ],
    [
      0.9999401390527024,
      -0.005167102178568934,
      0.009644654806593957,
      -427.40913321764333
    ],
    [
      -0.009587233229202637,
      0.011024757362310084,
      0.9998932641457843,
      -432.938
    ],
    [
      0.0,
      0.0,
      0.0,
      1.0
    ]
  ],
  "pose_xyyaw": {
    "x": 12475.74389974973,
    "y": -427.40913321764333,
    "yaw_deg": 90.3021290922245
  },
  "preprocess": {
    "grayscale": true,
    "clahe": {
      "enabled": true,
      "clip_limit": 2.0,
      "tile_grid": 8
    }
  }
}