{
  "segment_id": "segment-15832924468527961_1564_160_1584_160_with_camera_labels",
  "frame_index": 151,
  "timestamp_us": 1507678841990594,
  "camera_name": "FRONT",
  "image_path": "/home/wakamatsu/ITS/waymo_outputs/cam_gray_test/training/segment-15832924468527961_1564_160_1584_160_with_camera_labels/FRONT/0151_cam.png",
  "image_path_raw": "/home/wakamatsu/ITS/waymo_outputs/cam_gray_test/training/segment-15832924468527961_1564_160_1584_160_with_camera_labels/FRONT/0151_cam_raw.png",
  "width": 1920,
  "height": 1280,
  "intrinsic": [
    2084.2156571134137,
    2084.2156571134137,
    982.6994065605393,
    647.3422876254992
  ],
  "world_to_cam": [
    [
      -0.008213821958035794,
      0.9998076406110087,
      0.017810527917219973,
      534.3418815084236
    ],
    [
      -0.999940684865115,
      -0.008084908482524413,
      -0.007298013860897338,
      12468.464714295565
    ],
    [
      -0.007152613531174029,
      -0.017869416069854878,
      0.9998147448847694,
      512.4245553023799
    ],
    [
      0.0,
      0.0,
      0.0,
      1.0
    ]
  ],
  "vehicle_pose": [
    [
      -0.004985352655840219,
      -0.9999103386966804,
      0.012428227000941122,
      12475.738044480648
    ],
    [
      0.999963081333668,
      -0.004897861545399362,
      0.007060235262246539,
      -425.83532752743474
    ],
    [
      -0.006998730497245779,
      0.012462965929990872,
      0.9998978409075873,
      -432.956
    ],
    [
      0.0,
      0.0,
      0.0,
      1.0
    ]
  ],
  "pose_xyyaw": {
    "x": 12475.738044480648,
    "y": -425.83532752743474,
    "yaw_deg": 90.28564784575727
  },
  "preprocess": {
    "grayscale": true,
    "clahe": {
      "enabled": true,
      "clip_limit": 2.0,
      "tile_grid": 8
    }
  }
}