{
  "segment_id": "segment-15832924468527961_1564_160_1584_160_with_camera_labels",
  "frame_index": 152,
  "timestamp_us": 1507678842090669,
  "camera_name": "FRONT",
  "image_path": "/home/wakamatsu/ITS/waymo_outputs/cam_gray_test/training/segment-15832924468527961_1564_160_1584_160_with_camera_labels/FRONT/0152_cam.png",
  "image_path_raw": "/home/wakamatsu/ITS/waymo_outputs/cam_gray_test/training/segment-15832924468527961_1564_160_1584_160_with_camera_labels/FRONT/0152_cam_raw.png",
  "width": 1920,
  "height": 1280,
  "intrinsic": [
    2084.2156571134137,
    2084.2156571134137,
    982.6994065605393,
    647.3422876254992
  ],
  "world_to_cam": [
    [
      -0.007659977712059912,
      0.9997999105292891,
      0.018478734996658416,
      526.1459277941814
    ],
    [
      -0.9999384802468204,
      -0.007510168944780305,
      -0.008162909046414106,
      12468.312772042113
    ],
    [
      -0.008022497312552813,
      -0.018540125890803456,
      0.9997959308122951,
      523.0233462121583
    ],
    [
      0.0,
      0.0,
      0.0,
      1.0
    ]
  ],
  "vehicle_pose": [
    [
      -0.004410088791948268,
      -0.9999233117846607,
      0.011572452913850012,
      12475.731600886453
    ],
    [
      0.9999702556731171,
      -0.004336477578661207,
      0.0063783015960667735,
      -424.26250840818386
    ],
    [
      -0.006327628772909453,
      0.011600237575408187,
      0.9999126939899834,
      -432.967
    ],
    [
      0.0,
      0.0,
      0.0,
      1.0
    ]
  ],
  "pose_xyyaw": {
    "x": 12475.731600886453,
    "y": -424.26250840818386,
    "yaw_deg": 90.2526853528228
  },
  "preprocess": {
    "grayscale": true,
    "clahe": {
      "enabled": true,
      "clip_limit": 2.0,
      "tile_grid": 8
    }
  }
}