{
  "segment_id": "segment-15832924468527961_1564_160_1584_160_with_camera_labels",
  "frame_index": 153,
  "timestamp_us": 1507678842190752,
  "camera_name": "FRONT",
  "image_path": "/home/wakamatsu/ITS/waymo_outputs/cam_gray_test/training/segment-15832924468527961_1564_160_1584_160_with_camera_labels/FRONT/0153_cam.png",
  "image_path_raw": "/home/wakamatsu/ITS/waymo_outputs/cam_gray_test/training/segment-15832924468527961_1564_160_1584_160_with_camera_labels/FRONT/0153_cam_raw.png",
  "width": 1920,
  "height": 1280,
  "intrinsic": [
    2084.2156571134137,
    2084.2156571134137,
    982.6994065605393,
    647.3422876254992
  ],
  "world_to_cam": [
    [
      -0.00673964699867441,
      0.999840216164299,
      0.016556548518999216,
      512.2776629046783
    ],
    [
      -0.9999313949400964,
      -0.006579789617131604,
      -0.009690809137891913,
      12467.962351065842
    ],
    [
      -0.00958032209719596,
      -0.0166207252887172,
      0.9998159675257198,
      543.3154233169946
    ],
    [
      0.0,
      0.0,
      0.0,
      1.0
    ]
  ],
  "vehicle_pose": [
    [
      -0.003451386098670139,
      -0.9999436610240249,
      0.010038063153202782,
      12475.726115442965
    ],
    [
      0.9999600527162161,
      -0.00336832954228395,
      0.008279331366519625,
      -422.69083901599174
    ],
    [
      -0.008245053412802433,
      0.010066237329030052,
      0.9999153413965882,
      -432.975
    ],
    [
      0.0,
      0.0,
      0.0,
      1.0
    ]
  ],
  "pose_xyyaw": {
    "x": 12475.726115442965,
    "y": -422.69083901599174,
    "yaw_deg": 90.19775697151755
  },
  "preprocess": {
    "grayscale": true,
    "clahe": {
      "enabled": true,
      "clip_limit": 2.0,
      "tile_grid": 8
    }
  }
}