{
  "segment_id": "segment-15832924468527961_1564_160_1584_160_with_camera_labels",
  "frame_index": 154,
  "timestamp_us": 1507678842290829,
  "camera_name": "FRONT",
  "image_path": "/home/wakamatsu/ITS/waymo_outputs/cam_gray_test/training/segment-15832924468527961_1564_160_1584_160_with_camera_labels/FRONT/0154_cam.png",
  "image_path_raw": "/home/wakamatsu/ITS/waymo_outputs/cam_gray_test/training/segment-15832924468527961_1564_160_1584_160_with_camera_labels/FRONT/0154_cam_raw.png",
  "width": 1920,
  "height": 1280,
  "intrinsic": [
    2084.2156571134137,
    2084.2156571134137,
    982.6994065605393,
    647.3422876254992
  ],
  "world_to_cam": [
    [
      -0.006267620412865574,
      0.9998787497940406,
      0.014254916508595717,
      503.83685384448546
    ],
    [
      -0.9999315228043576,
      -0.006125795711976564,
      -0.009971174908377713,
      12468.039185986903
    ],
    [
      -0.009882643194943475,
      -0.0143164359112851,
      0.9998486750635215,
      548.1087184068815
    ],
    [
      0.0,
      0.0,
      0.0,
      1.0
    ]
  ],
  "vehicle_pose": [
    [
      -0.0029720000610677414,
      -0.9999480745387732,
      0.009747586462154574,
      12475.721327130184
    ],
    [
      0.9999399735652155,
      -0.002868895397928129,
      0.010574436419590631,
      -421.11884827001995
    ],
    [
      -0.010545922531160148,
      0.009778428574976277,
      0.9998965775781868,
      -432.986
    ],
    [
      0.0,
      0.0,
      0.0,
      1.0
    ]
  ],
  "pose_xyyaw": {
    "x": 12475.721327130184,
    "y": -421.11884827001995,
    "yaw_deg": 90.17029278086493
  },
  "preprocess": {
    "grayscale": true,
    "clahe": {
      "enabled": true,
      "clip_limit": 2.0,
      "tile_grid": 8
    }
  }
}