{
  "segment_id": "segment-15832924468527961_1564_160_1584_160_with_camera_labels",
  "frame_index": 155,
  "timestamp_us": 1507678842390869,
  "camera_name": "FRONT",
  "image_path": "/home/wakamatsu/ITS/waymo_outputs/cam_gray_test/training/segment-15832924468527961_1564_160_1584_160_with_camera_labels/FRONT/0155_cam.png",
  "image_path_raw": "/home/wakamatsu/ITS/waymo_outputs/cam_gray_test/training/segment-15832924468527961_1564_160_1584_160_with_camera_labels/FRONT/0155_cam_raw.png",
  "width": 1920,
  "height": 1280,
  "intrinsic": [
    2084.2156571134137,
    2084.2156571134137,
    982.6994065605393,
    647.3422876254992
  ],
  "world_to_cam": [
    [
      -0.006507565648334218,
      0.9998784901780484,
      0.014165326279296259,
      505.21794468667065
    ],
    [
      -0.9999471273375522,
      -0.006393916728860644,
      -0.008053592877823727,
      12468.957818779256
    ],
    [
      -0.007962042370520112,
      -0.014216986605138825,
      0.9998672327730114,
      524.2371002783553
    ],
    [
      0.0,
      0.0,
      0.0,
      1.0
    ]
  ],
  "vehicle_pose": [
    [
      -0.0032595121702816495,
      -0.9999266887786099,
      0.011661588599189336,
      12475.71798004878
    ],
    [
      0.9999380620118411,
      -0.003135004455049533,
      0.010679133254643293,
      -419.54493959037836
    ],
    [
      -0.010641791222129595,
      0.011695675068664334,
      0.9998749739163756,
      -433.003
    ],
    [
      0.0,
      0.0,
      0.0,
      1.0
    ]
  ],
  "pose_xyyaw": {
    "x": 12475.71798004878,
    "y": -419.54493959037836,
    "yaw_deg": 90.186767197143
  },
  "preprocess": {
    "grayscale": true,
    "clahe": {
      "enabled": true,
      "clip_limit": 2.0,
      "tile_grid": 8
    }
  }
}