{
  "segment_id": "segment-15832924468527961_1564_160_1584_160_with_camera_labels",
  "frame_index": 156,
  "timestamp_us": 1507678842490904,
  "camera_name": "FRONT",
  "image_path": "/home/wakamatsu/ITS/waymo_outputs/cam_gray_test/training/segment-15832924468527961_1564_160_1584_160_with_camera_labels/FRONT/0156_cam.png",
  "image_path_raw": "/home/wakamatsu/ITS/waymo_outputs/cam_gray_test/training/segment-15832924468527961_1564_160_1584_160_with_camera_labels/FRONT/0156_cam_raw.png",
  "width": 1920,
  "height": 1280,
  "intrinsic": [
    2084.2156571134137,
    2084.2156571134137,
    982.6994065605393,
    647.3422876254992
  ],
  "world_to_cam": [
    [
      -0.007306055003205296,
      0.9998391705562647,
      0.016378479222774016,
      514.5458000431105
    ],
    [
      -0.9999589828023081,
      -0.007217292110874637,
      -0.0054720569770049365,
      12469.88558755985
    ],
    [
      -0.0053529686402425825,
      -0.016417786572708513,
      0.999850889888482,
      490.80147612814915
    ],
    [
      0.0,
      0.0,
      0.0,
      1.0
    ]
  ],
  "vehicle_pose": [
    [
      -0.004122500167001888,
      -0.9998899678869058,
      0.01424981092842238,
      12475.714201388031
    ],
    [
      0.9999559117703384,
      -0.004001710103008482,
      0.008494753192580766,
      -417.96872434391366
    ],
    [
      -0.008436794884578543,
      0.014284202300940588,
      0.999862381558933,
      -433.022
    ],
    [
      0.0,
      0.0,
      0.0,
      1.0
    ]
  ],
  "pose_xyyaw": {
    "x": 12475.714201388031,
    "y": -417.96872434391366,
    "yaw_deg": 90.23621093654472
  },
  "preprocess": {
    "grayscale": true,
    "clahe": {
      "enabled": true,
      "clip_limit": 2.0,
      "tile_grid": 8
    }
  }
}