{
  "segment_id": "segment-15832924468527961_1564_160_1584_160_with_camera_labels",
  "frame_index": 157,
  "timestamp_us": 1507678842590941,
  "camera_name": "FRONT",
  "image_path": "/home/wakamatsu/ITS/waymo_outputs/cam_gray_test/training/segment-15832924468527961_1564_160_1584_160_with_camera_labels/FRONT/0157_cam.png",
  "image_path_raw": "/home/wakamatsu/ITS/waymo_outputs/cam_gray_test/training/segment-15832924468527961_1564_160_1584_160_with_camera_labels/FRONT/0157_cam_raw.png",
  "width": 1920,
  "height": 1280,
  "intrinsic": [
    2084.2156571134137,
    2084.2156571134137,
    982.6994065605393,
    647.3422876254992
  ],
  "world_to_cam": [
    [
      -0.008123422798324486,
      0.9998081724855693,
      0.01782212762568883,
      523.7802607128338
    ],
    [
      -0.9999608419625258,
      -0.00805951136488852,
      -0.0036549717038482947,
      12470.351977487482
    ],
    [
      -0.0035106329395652993,
      -0.01785112062661367,
      0.9998344927780485,
      467.253940274571
    ],
    [
      0.0,
      0.0,
      0.0,
      1.0
    ]
  ],
  "vehicle_pose": [
    [
      -0.004985352655840219,
      -0.9998584243428733,
      0.016071015197662977,
      12475.709937297443
    ],
    [
      0.999963081333668,
      -0.004872107210653731,
      0.007078032283344516,
      -416.393227793159
    ],
    [
      -0.006998730497245779,
      0.016105708364257173,
      0.9998458000759479,
      -433.03700000000003
    ],
    [
      0.0,
      0.0,
      0.0,
      1.0
    ]
  ],
  "pose_xyyaw": {
    "x": 12475.709937297443,
    "y": -416.393227793159,
    "yaw_deg": 90.28564784575727
  },
  "preprocess": {
    "grayscale": true,
    "clahe": {
      "enabled": true,
      "clip_limit": 2.0,
      "tile_grid": 8
    }
  }
}