{
  "segment_id": "segment-15832924468527961_1564_160_1584_160_with_camera_labels",
  "frame_index": 158,
  "timestamp_us": 1507678842690943,
  "camera_name": "FRONT",
  "image_path": "/home/wakamatsu/ITS/waymo_outputs/cam_gray_test/training/segment-15832924468527961_1564_160_1584_160_with_camera_labels/FRONT/0158_cam.png",
  "image_path_raw": "/home/wakamatsu/ITS/waymo_outputs/cam_gray_test/training/segment-15832924468527961_1564_160_1584_160_with_camera_labels/FRONT/0158_cam_raw.png",
  "width": 1920,
  "height": 1280,
  "intrinsic": [
    2084.2156571134137,
    2084.2156571134137,
    982.6994065605393,
    647.3422876254992
  ],
  "world_to_cam": [
    [
      -0.008427601305911872,
      0.999791730112062,
      0.018586875362966587,
      526.3259383633227
    ],
    [
      -0.9999557825375761,
      -0.00834851551716497,
      -0.004328424462044784,
      12469.884777490119
    ],
    [
      -0.00417235016418379,
      -0.018622531734152514,
      0.9998178798190788,
      475.2212156555199
    ],
    [
      0.0,
      0.0,
      0.0,
      1.0
    ]
  ],
  "vehicle_pose": [
    [
      -0.005273020596510102,
      -0.9998674780864393,
      0.015401997235830932,
      12475.70473361195
    ],
    [
      0.9999666796766601,
      -0.005176308558401145,
      0.00631231860286711,
      -414.819256629057
    ],
    [
      -0.006231756592218552,
      0.015434769022307606,
      0.9998614569604148,
      -433.048
    ],
    [
      0.0,
      0.0,
      0.0,
      1.0
    ]
  ],
  "pose_xyyaw": {
    "x": 12475.70473361195,
    "y": -414.819256629057,
    "yaw_deg": 90.3021290922245
  },
  "preprocess": {
    "grayscale": true,
    "clahe": {
      "enabled": true,
      "clip_limit": 2.0,
      "tile_grid": 8
    }
  }
}