{
  "segment_id": "segment-15832924468527961_1564_160_1584_160_with_camera_labels",
  "frame_index": 159,
  "timestamp_us": 1507678842790947,
  "camera_name": "FRONT",
  "image_path": "/home/wakamatsu/ITS/waymo_outputs/cam_gray_test/training/segment-15832924468527961_1564_160_1584_160_with_camera_labels/FRONT/0159_cam.png",
  "image_path_raw": "/home/wakamatsu/ITS/waymo_outputs/cam_gray_test/training/segment-15832924468527961_1564_160_1584_160_with_camera_labels/FRONT/0159_cam_raw.png",
  "width": 1920,
  "height": 1280,
  "intrinsic": [
    2084.2156571134137,
    2084.2156571134137,
    982.6994065605393,
    647.3422876254992
  ],
  "world_to_cam": [
    [
      -0.008580380953687745,
      0.9997647272507959,
      0.019921526242518365,
      527.2261678022799
    ],
    [
      -0.9999422981000041,
      -0.008449725464640732,
      -0.006633446318050775,
      12468.68368767618
    ],
    [
      -0.006463554221312909,
      -0.019977294229048072,
      0.9997795407899255,
      503.26940257355005
    ],
    [
      0.0,
      0.0,
      0.0,
      1.0
    ]
  ],
  "vehicle_pose": [
    [
      -0.005368901719671476,
      -0.9998996739721223,
      0.013107893986758977,
      12475.698820883406
    ],
    [
      0.9999736332761676,
      -0.005304282796670244,
      0.004959570190429097,
      -413.24614719269914
    ],
    [
      -0.004889544639877367,
      0.01313417581946243,
      0.9999017880665871,
      -433.059
    ],
    [
      0.0,
      0.0,
      0.0,
      1.0
    ]
  ],
  "pose_xyyaw": {
    "x": 12475.698820883406,
    "y": -413.24614719269914,
    "yaw_deg": 90.3076205643172
  },
  "preprocess": {
    "grayscale": true,
    "clahe": {
      "enabled": true,
      "clip_limit": 2.0,
      "tile_grid": 8
    }
  }
}