{
  "segment_id": "segment-15832924468527961_1564_160_1584_160_with_camera_labels",
  "frame_index": 160,
  "timestamp_us": 1507678842890949,
  "camera_name": "FRONT",
  "image_path": "/home/wakamatsu/ITS/waymo_outputs/cam_gray_test/training/segment-15832924468527961_1564_160_1584_160_with_camera_labels/FRONT/0160_cam.png",
  "image_path_raw": "/home/wakamatsu/ITS/waymo_outputs/cam_gray_test/training/segment-15832924468527961_1564_160_1584_160_with_camera_labels/FRONT/0160_cam_raw.png",
  "width": 1920,
  "height": 1280,
  "intrinsic": [
    2084.2156571134137,
    2084.2156571134137,
    982.6994065605393,
    647.3422876254992
  ],
  "world_to_cam": [
    [
      -0.008740338910419192,
      0.9997499193265674,
      0.02058410265843292,
      527.9312898661755
    ],
    [
      -0.9999208882417078,
      -0.008551918610115998,
      -0.009223987532499742,
      12467.25905184002
    ],
    [
      -0.009045647220888684,
      -0.02066309499101827,
      0.9997455740195841,
      535.2241169197094
    ],
    [
      0.0,
      0.0,
      0.0,
      1.0
    ]
  ],
  "vehicle_pose": [
    [
      -0.00546476013843236,
      -0.9999297019787691,
      0.010522713399105247,
      12475.691998583276
    ],
    [
      0.9999761703175628,
      -0.005420018241289593,
      0.0042757688530505305,
      -411.67438907611336
    ],
    [
      -0.0042184349763899065,
      0.010545828697375869,
      0.9999354930711458,
      -433.06600000000003
    ],
    [
      0.0,
      0.0,
      0.0,
      1.0
    ]
  ],
  "pose_xyyaw": {
    "x": 12475.691998583276,
    "y": -411.67438907611336,
    "yaw_deg": 90.31311203640989
  },
  "preprocess": {
    "grayscale": true,
    "clahe": {
      "enabled": true,
      "clip_limit": 2.0,
      "tile_grid": 8
    }
  }
}