{
  "segment_id": "segment-15832924468527961_1564_160_1584_160_with_camera_labels",
  "frame_index": 161,
  "timestamp_us": 1507678842990911,
  "camera_name": "FRONT",
  "image_path": "/home/wakamatsu/ITS/waymo_outputs/cam_gray_test/training/segment-15832924468527961_1564_160_1584_160_with_camera_labels/FRONT/0161_cam.png",
  "image_path_raw": "/home/wakamatsu/ITS/waymo_outputs/cam_gray_test/training/segment-15832924468527961_1564_160_1584_160_with_camera_labels/FRONT/0161_cam_raw.png",
  "width": 1920,
  "height": 1280,
  "intrinsic": [
    2084.2156571134137,
    2084.2156571134137,
    982.6994065605393,
    647.3422876254992
  ],
  "world_to_cam": [
    [
      -0.009344040375075455,
      0.9997465057018358,
      0.020484463537972078,
      533.8494184267961
    ],
    [
      -0.9999044789759022,
      -0.009132954996800856,
      -0.010374105115904782,
      12466.323985162086
    ],
    [
      -0.010184391655783434,
      -0.02057944289809513,
      0.9997363475920068,
      549.500403973276
    ],
    [
      0.0,
      0.0,
      0.0,
      1.0
    ]
  ],
  "vehicle_pose": [
    [
      -0.00604004705381095,
      -0.9999378654169395,
      0.009369265552990141,
      12475.684662294914
    ],
    [
      0.9999724519108402,
      -0.005999302349542746,
      0.004370788343223979,
      -410.1050070517415
    ],
    [
      -0.004314307709267083,
      0.009395407214882646,
      0.9999465551079499,
      -433.07300000000004
    ],
    [
      0.0,
      0.0,
      0.0,
      1.0
    ]
  ],
  "pose_xyyaw": {
    "x": 12475.684662294914,
    "y": -410.1050070517415,
    "yaw_deg": 90.34607452934438
  },
  "preprocess": {
    "grayscale": true,
    "clahe": {
      "enabled": true,
      "clip_limit": 2.0,
      "tile_grid": 8
    }
  }
}