{
  "segment_id": "segment-15832924468527961_1564_160_1584_160_with_camera_labels",
  "frame_index": 162,
  "timestamp_us": 1507678843090910,
  "camera_name": "FRONT",
  "image_path": "/home/wakamatsu/ITS/waymo_outputs/cam_gray_test/training/segment-15832924468527961_1564_160_1584_160_with_camera_labels/FRONT/0162_cam.png",
  "image_path_raw": "/home/wakamatsu/ITS/waymo_outputs/cam_gray_test/training/segment-15832924468527961_1564_160_1584_160_with_camera_labels/FRONT/0162_cam_raw.png",
  "width": 1920,
  "height": 1280,
  "intrinsic": [
    2084.2156571134137,
    2084.2156571134137,
    982.6994065605393,
    647.3422876254992
  ],
  "world_to_cam": [
    [
      -0.010099066214803058,
      0.9997564366588302,
      0.019623359060762974,
      541.3349697324694
    ],
    [
      -0.9999020002915034,
      -0.00990637316663937,
      -0.009892097034193602,
      12466.19129340646
    ],
    [
      -0.009695291364349911,
      -0.019721336920246874,
      0.9997585059380283,
      543.7968393927412
    ],
    [
      0.0,
      0.0,
      0.0,
      1.0
    ]
  ],
  "vehicle_pose": [
    [
      -0.006806988767303996,
      -0.9999284232650649,
      0.009839372467941844,
      12475.675882115047
    ],
    [
      0.9999634302786647,
      -0.006755625627995637,
      0.005244008743343705,
      -408.53953207230586
    ],
    [
      -0.005177162277512064,
      0.009874708553444163,
      0.9999378416290369,
      -433.079
    ],
    [
      0.0,
      0.0,
      0.0,
      1.0
    ]
  ],
  "pose_xyyaw": {
    "x": 12475.675882115047,
    "y": -408.53953207230586,
    "yaw_deg": 90.39001996646424
  },
  "preprocess": {
    "grayscale": true,
    "clahe": {
      "enabled": true,
      "clip_limit": 2.0,
      "tile_grid": 8
    }
  }
}