{
  "segment_id": "segment-15832924468527961_1564_160_1584_160_with_camera_labels",
  "frame_index": 163,
  "timestamp_us": 1507678843190876,
  "camera_name": "FRONT",
  "image_path": "/home/wakamatsu/ITS/waymo_outputs/cam_gray_test/training/segment-15832924468527961_1564_160_1584_160_with_camera_labels/FRONT/0163_cam.png",
  "image_path_raw": "/home/wakamatsu/ITS/waymo_outputs/cam_gray_test/training/segment-15832924468527961_1564_160_1584_160_with_camera_labels/FRONT/0163_cam_raw.png",
  "width": 1920,
  "height": 1280,
  "intrinsic": [
    2084.2156571134137,
    2084.2156571134137,
    982.6994065605393,
    647.3422876254992
  ],
  "world_to_cam": [
    [
      -0.010664653930959965,
      0.9997579914087624,
      0.01924119982874988,
      546.6638922512235
    ],
    [
      -0.9998998506767283,
      -0.010483188379580125,
      -0.009507438038443264,
      12466.102379935539
    ],
    [
      -0.00930342803430337,
      -0.019340666372058144,
      0.9997696658986485,
      539.1065671058997
    ],
    [
      0.0,
      0.0,
      0.0,
      1.0
    ]
  ],
  "vehicle_pose": [
    [
      -0.007382136197647277,
      -0.9999205554414957,
      0.010216989318291814,
      12475.666543366217
    ],
    [
      0.9999572906972318,
      -0.007324820520833508,
      0.005635936993017885,
      -406.97680299367494
    ],
    [
      -0.005560651635471955,
      0.010258158212285458,
      0.9999319223544575,
      -433.087
    ],
    [
      0.0,
      0.0,
      0.0,
      1.0
    ]
  ],
  "pose_xyyaw": {
    "x": 12475.666543366217,
    "y": -406.97680299367494,
    "yaw_deg": 90.42297562920955
  },
  "preprocess": {
    "grayscale": true,
    "clahe": {
      "enabled": true,
      "clip_limit": 2.0,
      "tile_grid": 8
    }
  }
}