{
  "segment_id": "segment-15832924468527961_1564_160_1584_160_with_camera_labels",
  "frame_index": 164,
  "timestamp_us": 1507678843290833,
  "camera_name": "FRONT",
  "image_path": "/home/wakamatsu/ITS/waymo_outputs/cam_gray_test/training/segment-15832924468527961_1564_160_1584_160_with_camera_labels/FRONT/0164_cam.png",
  "image_path_raw": "/home/wakamatsu/ITS/waymo_outputs/cam_gray_test/training/segment-15832924468527961_1564_160_1584_160_with_camera_labels/FRONT/0164_cam_raw.png",
  "width": 1920,
  "height": 1280,
  "intrinsic": [
    2084.2156571134137,
    2084.2156571134137,
    982.6994065605393,
    647.3422876254992
  ],
  "world_to_cam": [
    [
      -0.010779425274488625,
      0.9997474713487909,
      0.019717949245564713,
      546.7367529435315
    ],
    [
      -0.9998912471317268,
      -0.010578305356612094,
      -0.010275863231007808,
      12465.629366559642
    ],
    [
      -0.01006468579300031,
      -0.019826572761857304,
      0.999752773995855,
      548.4385497791967
    ],
    [
      0.0,
      0.0,
      0.0,
      1.0
    ]
  ],
  "vehicle_pose": [
    [
      -0.007477995413381045,
      -0.9999273565898661,
      0.009453101491056689,
      12475.655942155261
    ],
    [
      0.999959129205761,
      -0.0074295280941380345,
      0.0051518958019935775,
      -405.4151645760546
    ],
    [
      -0.005081289467609322,
      0.009491240988468251,
      0.9999420467416325,
      -433.096
    ],
    [
      0.0,
      0.0,
      0.0,
      1.0
    ]
  ],
  "pose_xyyaw": {
    "x": 12475.655942155261,
    "y": -405.4151645760546,
    "yaw_deg": 90.42846710130223
  },
  "preprocess": {
    "grayscale": true,
    "clahe": {
      "enabled": true,
      "clip_limit": 2.0,
      "tile_grid": 8
    }
  }
}