{
  "segment_id": "segment-15832924468527961_1564_160_1584_160_with_camera_labels",
  "frame_index": 165,
  "timestamp_us": 1507678843390837,
  "camera_name": "FRONT",
  "image_path": "/home/wakamatsu/ITS/waymo_outputs/cam_gray_test/training/segment-15832924468527961_1564_160_1584_160_with_camera_labels/FRONT/0165_cam.png",
  "image_path_raw": "/home/wakamatsu/ITS/waymo_outputs/cam_gray_test/training/segment-15832924468527961_1564_160_1584_160_with_camera_labels/FRONT/0165_cam_raw.png",
  "width": 1920,
  "height": 1280,
  "intrinsic": [
    2084.2156571134137,
    2084.2156571134137,
    982.6994065605393,
    647.3422876254992
  ],
  "world_to_cam": [
    [
      -0.010522785557379875,
      0.9997387808779044,
      0.020288937697058033,
      542.2189252624698
    ],
    [
      -0.9998806463412284,
      -0.010290409751006887,
      -0.01152391163640434,
      12465.079229321007
    ],
    [
      -0.011312119888008195,
      -0.02040777978904338,
      0.999727742171698,
      563.7943637629679
    ],
    [
      0.0,
      0.0,
      0.0,
      1.0
    ]
  ],
  "vehicle_pose": [
    [
      -0.007190493881678919,
      -0.9999404245365744,
      0.008212440280015275,
      12475.645898995577
    ],
    [
      0.9999639954915401,
      -0.007153170776296476,
      0.004565070474830861,
      -403.85485192804447
    ],
    [
      -0.004506053520828668,
      0.00824496970645844,
      0.9999558570038014,
      -433.104
    ],
    [
      0.0,
      0.0,
      0.0,
      1.0
    ]
  ],
  "pose_xyyaw": {
    "x": 12475.645898995577,
    "y": -403.85485192804447,
    "yaw_deg": 90.41199268502416
  },
  "preprocess": {
    "grayscale": true,
    "clahe": {
      "enabled": true,
      "clip_limit": 2.0,
      "tile_grid": 8
    }
  }
}