{
  "segment_id": "segment-15832924468527961_1564_160_1584_160_with_camera_labels",
  "frame_index": 166,
  "timestamp_us": 1507678843490801,
  "camera_name": "FRONT",
  "image_path": "/home/wakamatsu/ITS/waymo_outputs/cam_gray_test/training/segment-15832924468527961_1564_160_1584_160_with_camera_labels/FRONT/0166_cam.png",
  "image_path_raw": "/home/wakamatsu/ITS/waymo_outputs/cam_gray_test/training/segment-15832924468527961_1564_160_1584_160_with_camera_labels/FRONT/0166_cam_raw.png",
  "width": 1920,
  "height": 1280,
  "intrinsic": [
    2084.2156571134137,
    2084.2156571134137,
    982.6994065605393,
    647.3422876254992
  ],
  "world_to_cam": [
    [
      -0.010086218057344323,
      0.9997414488318977,
      0.020379001270867118,
      535.2541706154929
    ],
    [
      -0.9998640220763532,
      -0.009817367577284823,
      -0.013249779286849398,
      12464.320441263115
    ],
    [
      -0.013046285394603625,
      -0.02050987033968716,
      0.9997045261756355,
      585.4157501184163
    ],
    [
      0.0,
      0.0,
      0.0,
      1.0
    ]
  ],
  "vehicle_pose": [
    [
      -0.006711053442158344,
      -0.9999564222886521,
      0.0064896290630167015,
      12475.635723986576
    ],
    [
      0.9999677555154036,
      -0.0066822251255137,
      0.004453739648649212,
      -402.29605178603913
    ],
    [
      -0.00441018040248823,
      0.006519309093071887,
      0.9999690239791263,
      -433.11
    ],
    [
      0.0,
      0.0,
      0.0,
      1.0
    ]
  ],
  "pose_xyyaw": {
    "x": 12475.635723986576,
    "y": -402.29605178603913,
    "yaw_deg": 90.38452166418237
  },
  "preprocess": {
    "grayscale": true,
    "clahe": {
      "enabled": true,
      "clip_limit": 2.0,
      "tile_grid": 8
    }
  }
}