{
  "segment_id": "segment-15832924468527961_1564_160_1584_160_with_camera_labels",
  "frame_index": 167,
  "timestamp_us": 1507678843590796,
  "camera_name": "FRONT",
  "image_path": "/home/wakamatsu/ITS/waymo_outputs/cam_gray_test/training/segment-15832924468527961_1564_160_1584_160_with_camera_labels/FRONT/0167_cam.png",
  "image_path_raw": "/home/wakamatsu/ITS/waymo_outputs/cam_gray_test/training/segment-15832924468527961_1564_160_1584_160_with_camera_labels/FRONT/0167_cam_raw.png",
  "width": 1920,
  "height": 1280,
  "intrinsic": [
    2084.2156571134137,
    2084.2156571134137,
    982.6994065605393,
    647.3422876254992
  ],
  "world_to_cam": [
    [
      -0.009492226808282538,
      0.9997568682010921,
      0.01990231431176081,
      526.0864214185567
    ],
    [
      -0.9998793660845537,
      -0.00924492121931059,
      -0.012481374523654219,
      12465.079271750055
    ],
    [
      -0.012294344576719254,
      -0.020018389455516587,
      0.9997240185046251,
      576.2790272125993
    ],
    [
      0.0,
      0.0,
      0.0,
      1.0
    ]
  ],
  "vehicle_pose": [
    [
      -0.006135872411158948,
      -0.9999548482521178,
      0.007256206091199595,
      12475.62571872678
    ],
    [
      0.9999692212378183,
      -0.006100156640536973,
      0.004934031413792141,
      -400.7385527515971
    ],
    [
      -0.004889544639877367,
      0.0072862573413856515,
      0.9999615006624855,
      -433.117
    ],
    [
      0.0,
      0.0,
      0.0,
      1.0
    ]
  ],
  "pose_xyyaw": {
    "x": 12475.62571872678,
    "y": -400.7385527515971,
    "yaw_deg": 90.35156600143706
  },
  "preprocess": {
    "grayscale": true,
    "clahe": {
      "enabled": true,
      "clip_limit": 2.0,
      "tile_grid": 8
    }
  }
}