{
  "segment_id": "segment-15832924468527961_1564_160_1584_160_with_camera_labels",
  "frame_index": 168,
  "timestamp_us": 1507678843690757,
  "camera_name": "FRONT",
  "image_path": "/home/wakamatsu/ITS/waymo_outputs/cam_gray_test/training/segment-15832924468527961_1564_160_1584_160_with_camera_labels/FRONT/0168_cam.png",
  "image_path_raw": "/home/wakamatsu/ITS/waymo_outputs/cam_gray_test/training/segment-15832924468527961_1564_160_1584_160_with_camera_labels/FRONT/0168_cam_raw.png",
  "width": 1920,
  "height": 1280,
  "intrinsic": [
    2084.2156571134137,
    2084.2156571134137,
    982.6994065605393,
    647.3422876254992
  ],
  "world_to_cam": [
    [
      -0.00909931593264348,
      0.9997604958952967,
      0.019903600095170212,
      519.629440094778
    ],
    [
      -0.9998875674534602,
      -0.00885962273577421,
      -0.012097914571593819,
      12465.506869509136
    ],
    [
      -0.01191867868346864,
      -0.020011445029539266,
      0.9997287067831302,
      571.6362357416507
    ],
    [
      0.0,
      0.0,
      0.0,
      1.0
    ]
  ],
  "vehicle_pose": [
    [
      -0.0057523874884152955,
      -0.9999542571302114,
      0.007641576103787962,
      12475.616808026742
    ],
    [
      0.9999715007895964,
      -0.005714785701263257,
      0.004933440279446721,
      -399.18091859423
    ],
    [
      -0.004889544639877367,
      0.007669737385041099,
      0.9999586328852105,
      -433.125
    ],
    [
      0.0,
      0.0,
      0.0,
      1.0
    ]
  ],
  "pose_xyyaw": {
    "x": 12475.616808026742,
    "y": -399.18091859423,
    "yaw_deg": 90.32959328287713
  },
  "preprocess": {
    "grayscale": true,
    "clahe": {
      "enabled": true,
      "clip_limit": 2.0,
      "tile_grid": 8
    }
  }
}