{
  "segment_id": "segment-15832924468527961_1564_160_1584_160_with_camera_labels",
  "frame_index": 169,
  "timestamp_us": 1507678843790689,
  "camera_name": "FRONT",
  "image_path": "/home/wakamatsu/ITS/waymo_outputs/cam_gray_test/training/segment-15832924468527961_1564_160_1584_160_with_camera_labels/FRONT/0169_cam.png",
  "image_path_raw": "/home/wakamatsu/ITS/waymo_outputs/cam_gray_test/training/segment-15832924468527961_1564_160_1584_160_with_camera_labels/FRONT/0169_cam_raw.png",
  "width": 1920,
  "height": 1280,
  "intrinsic": [
    2084.2156571134137,
    2084.2156571134137,
    982.6994065605393,
    647.3422876254992
  ],
  "world_to_cam": [
    [
      -0.008493145323712667,
      0.9997462000566938,
      0.020866287516266513,
      510.9205712894292
    ],
    [
      -0.9999069046438337,
      -0.008267957290043974,
      -0.010854627024319202,
      12466.526787416096
    ],
    [
      -0.010679350546609553,
      -0.020956534886550568,
      0.9997233492909182,
      555.8368303159617
    ],
    [
      0.0,
      0.0,
      0.0,
      1.0
    ]
  ],
  "vehicle_pose": [
    [
      -0.005177120822660189,
      -0.9999470307797507,
      0.008895676182730525,
      12475.608015140991
    ],
    [
      0.9999788728311065,
      -0.0051419077760236276,
      0.003976767010103807,
      -397.6226360535618
    ],
    [
      -0.003930815617319197,
      0.008916076445572267,
      0.9999525250077623,
      -433.134
    ],
    [
      0.0,
      0.0,
      0.0,
      1.0
    ]
  ],
  "pose_xyyaw": {
    "x": 12475.608015140991,
    "y": -397.6226360535618,
    "yaw_deg": 90.29663078994265
  },
  "preprocess": {
    "grayscale": true,
    "clahe": {
      "enabled": true,
      "clip_limit": 2.0,
      "tile_grid": 8
    }
  }
}