{
  "segment_id": "segment-15832924468527961_1564_160_1584_160_with_camera_labels",
  "frame_index": 170,
  "timestamp_us": 1507678843890649,
  "camera_name": "FRONT",
  "image_path": "/home/wakamatsu/ITS/waymo_outputs/cam_gray_test/training/segment-15832924468527961_1564_160_1584_160_with_camera_labels/FRONT/0170_cam.png",
  "image_path_raw": "/home/wakamatsu/ITS/waymo_outputs/cam_gray_test/training/segment-15832924468527961_1564_160_1584_160_with_camera_labels/FRONT/0170_cam_raw.png",
  "width": 1920,
  "height": 1280,
  "intrinsic": [
    2084.2156571134137,
    2084.2156571134137,
    982.6994065605393,
    647.3422876254992
  ],
  "world_to_cam": [
    [
      -0.007704848854272281,
      0.9997299611538003,
      0.021923505092800256,
      499.97862725868475
    ],
    [
      -0.9999220175854341,
      -0.007487142845840378,
      -0.009995070779159766,
      12467.403052513035
    ],
    [
      -0.009828227307467569,
      -0.02199880595457856,
      0.9997096871014933,
      544.8394408520284
    ],
    [
      0.0,
      0.0,
      0.0,
      1.0
    ]
  ],
  "vehicle_pose": [
    [
      -0.004410158840302433,
      -0.999942584335502,
      0.00976619329324297,
      12475.601358195609
    ],
    [
      0.9999861388613995,
      -0.004381840103395533,
      0.0029191715225369134,
      -396.06318656713836
    ],
    [
      -0.0028762100189343187,
      0.009778931932780607,
      0.9999480486036167,
      -433.141
    ],
    [
      0.0,
      0.0,
      0.0,
      1.0
    ]
  ],
  "pose_xyyaw": {
    "x": 12475.601358195609,
    "y": -396.06318656713836,
    "yaw_deg": 90.2526853528228
  },
  "preprocess": {
    "grayscale": true,
    "clahe": {
      "enabled": true,
      "clip_limit": 2.0,
      "tile_grid": 8
    }
  }
}