{
  "segment_id": "segment-15832924468527961_1564_160_1584_160_with_camera_labels",
  "frame_index": 171,
  "timestamp_us": 1507678843990602,
  "camera_name": "FRONT",
  "image_path": "/home/wakamatsu/ITS/waymo_outputs/cam_gray_test/training/segment-15832924468527961_1564_160_1584_160_with_camera_labels/FRONT/0171_cam.png",
  "image_path_raw": "/home/wakamatsu/ITS/waymo_outputs/cam_gray_test/training/segment-15832924468527961_1564_160_1584_160_with_camera_labels/FRONT/0171_cam_raw.png",
  "width": 1920,
  "height": 1280,
  "intrinsic": [
    2084.2156571134137,
    2084.2156571134137,
    982.6994065605393,
    647.3422876254992
  ],
  "world_to_cam": [
    [
      -0.006947578803049284,
      0.9997376355288625,
      0.021826388980657103,
      488.9333282819056
    ],
    [
      -0.9999235484627985,
      -0.006722291670344136,
      -0.010378247649003943,
      12467.563777412588
    ],
    [
      -0.010228801412709813,
      -0.021896824013046996,
      0.999707907700945,
      549.9145484151294
    ],
    [
      0.0,
      0.0,
      0.0,
      1.0
    ]
  ],
  "vehicle_pose": [
    [
      -0.003643174659358449,
      -0.9999493269506259,
      0.009384604913993304,
      12475.595583494853
    ],
    [
      0.9999889469381068,
      -0.0036151059357649134,
      0.003006162119627139,
      -394.5038560040996
    ],
    [
      -0.0029720834472962386,
      0.009395453159030495,
      0.9999514449111611,
      -433.145
    ],
    [
      0.0,
      0.0,
      0.0,
      1.0
    ]
  ],
  "pose_xyyaw": {
    "x": 12475.595583494853,
    "y": -394.5038560040996,
    "yaw_deg": 90.20873991570292
  },
  "preprocess": {
    "grayscale": true,
    "clahe": {
      "enabled": true,
      "clip_limit": 2.0,
      "tile_grid": 8
    }
  }
}