{
  "segment_id": "segment-15832924468527961_1564_160_1584_160_with_camera_labels",
  "frame_index": 172,
  "timestamp_us": 1507678844090531,
  "camera_name": "FRONT",
  "image_path": "/home/wakamatsu/ITS/waymo_outputs/cam_gray_test/training/segment-15832924468527961_1564_160_1584_160_with_camera_labels/FRONT/0172_cam.png",
  "image_path_raw": "/home/wakamatsu/ITS/waymo_outputs/cam_gray_test/training/segment-15832924468527961_1564_160_1584_160_with_camera_labels/FRONT/0172_cam_raw.png",
  "width": 1920,
  "height": 1280,
  "intrinsic": [
    2084.2156571134137,
    2084.2156571134137,
    982.6994065605393,
    647.3422876254992
  ],
  "world_to_cam": [
    [
      -0.0060921324712854465,
      0.9997556248156392,
      0.02125033109020812,
      476.46042290634665
    ],
    [
      -0.9999259280809384,
      -0.005866499680531921,
      -0.010664076751990187,
      12467.811589720306
    ],
    [
      -0.01053680565571598,
      -0.02131372400566066,
      0.9997173104911128,
      554.0283633429412
    ],
    [
      0.0,
      0.0,
      0.0,
      1.0
    ]
  ],
  "vehicle_pose": [
    [
      -0.0027803408959826584,
      -0.9999547471349736,
      0.009097988059637338,
      12475.590798927955
    ],
    [
      0.9999898430497972,
      -0.0027479345774953316,
      0.003572485521280431,
      -392.94513609339424
    ],
    [
      -0.00354732318010061,
      0.009107828379420793,
      0.9999522308392872,
      -433.149
    ],
    [
      0.0,
      0.0,
      0.0,
      1.0
    ]
  ],
  "pose_xyyaw": {
    "x": 12475.590798927955,
    "y": -392.94513609339424,
    "yaw_deg": 90.15930300649038
  },
  "preprocess": {
    "grayscale": true,
    "clahe": {
      "enabled": true,
      "clip_limit": 2.0,
      "tile_grid": 8
    }
  }
}