{
  "segment_id": "segment-15832924468527961_1564_160_1584_160_with_camera_labels",
  "frame_index": 173,
  "timestamp_us": 1507678844190527,
  "camera_name": "FRONT",
  "image_path": "/home/wakamatsu/ITS/waymo_outputs/cam_gray_test/training/segment-15832924468527961_1564_160_1584_160_with_camera_labels/FRONT/0173_cam.png",
  "image_path_raw": "/home/wakamatsu/ITS/waymo_outputs/cam_gray_test/training/segment-15832924468527961_1564_160_1584_160_with_camera_labels/FRONT/0173_cam_raw.png",
  "width": 1920,
  "height": 1280,
  "intrinsic": [
    2084.2156571134137,
    2084.2156571134137,
    982.6994065605393,
    647.3422876254992
  ],
  "world_to_cam": [
    [
      -0.0054496728285780794,
      0.9997594146305107,
      0.021246503799928814,
      466.88635949790637
    ],
    [
      -0.9999166884342674,
      -0.005199453382195629,
      -0.011814477355107772,
      12467.46499161699
    ],
    [
      -0.011701164758665594,
      -0.021309118756656885,
      0.9997044584281424,
      568.5888621557278
    ],
    [
      0.0,
      0.0,
      0.0,
      1.0
    ]
  ],
  "vehicle_pose": [
    [
      -0.0021091988368280453,
      -0.9999661742787472,
      0.007949942049662654,
      12475.587604471693
    ],
    [
      0.999991483852999,
      -0.0020809177737230997,
      0.0035639869102395963,
      -391.38584092245094
    ],
    [
      -0.00354732318010061,
      0.007957391503833055,
      0.9999620474891587,
      -433.154
    ],
    [
      0.0,
      0.0,
      0.0,
      1.0
    ]
  ],
  "pose_xyyaw": {
    "x": 12475.587604471693,
    "y": -391.38584092245094,
    "yaw_deg": 90.1208490414632
  },
  "preprocess": {
    "grayscale": true,
    "clahe": {
      "enabled": true,
      "clip_limit": 2.0,
      "tile_grid": 8
    }
  }
}