{
  "segment_id": "segment-15832924468527961_1564_160_1584_160_with_camera_labels",
  "frame_index": 174,
  "timestamp_us": 1507678844290449,
  "camera_name": "FRONT",
  "image_path": "/home/wakamatsu/ITS/waymo_outputs/cam_gray_test/training/segment-15832924468527961_1564_160_1584_160_with_camera_labels/FRONT/0174_cam.png",
  "image_path_raw": "/home/wakamatsu/ITS/waymo_outputs/cam_gray_test/training/segment-15832924468527961_1564_160_1584_160_with_camera_labels/FRONT/0174_cam_raw.png",
  "width": 1920,
  "height": 1280,
  "intrinsic": [
    2084.2156571134137,
    2084.2156571134137,
    982.6994065605393,
    647.3422876254992
  ],
  "world_to_cam": [
    [
      -0.0047431279881179735,
      0.9997505246214944,
      0.021826388980657103,
      456.7602040919802
    ],
    [
      -0.9999359403425377,
      -0.00451743146276305,
      -0.010378247649003941,
      12468.598359017684
    ],
    [
      -0.010277059315443758,
      -0.02187421614654697,
      0.999707907700945,
      550.6437216684244
    ],
    [
      0.0,
      0.0,
      0.0,
      1.0
    ]
  ],
  "vehicle_pose": [
    [
      -0.0014381777327911371,
      -0.999954867384492,
      0.00939121072449268,
      12475.584776717124
    ],
    [
      0.9999945491675398,
      -0.0014101964399992196,
      0.002985461640919554,
      -389.82601889874286
    ],
    [
      -0.0029720834472962386,
      0.009395453159030495,
      0.9999514449111611,
      -433.161
    ],
    [
      0.0,
      0.0,
      0.0,
      1.0
    ]
  ],
  "pose_xyyaw": {
    "x": 12475.584776717124,
    "y": -389.82601889874286,
    "yaw_deg": 90.08240190662521
  },
  "preprocess": {
    "grayscale": true,
    "clahe": {
      "enabled": true,
      "clip_limit": 2.0,
      "tile_grid": 8
    }
  }
}