{
  "segment_id": "segment-15832924468527961_1564_160_1584_160_with_camera_labels",
  "frame_index": 175,
  "timestamp_us": 1507678844390447,
  "camera_name": "FRONT",
  "image_path": "/home/wakamatsu/ITS/waymo_outputs/cam_gray_test/training/segment-15832924468527961_1564_160_1584_160_with_camera_labels/FRONT/0175_cam.png",
  "image_path_raw": "/home/wakamatsu/ITS/waymo_outputs/cam_gray_test/training/segment-15832924468527961_1564_160_1584_160_with_camera_labels/FRONT/0175_cam_raw.png",
  "width": 1920,
  "height": 1280,
  "intrinsic": [
    2084.2156571134137,
    2084.2156571134137,
    982.6994065605393,
    647.3422876254992
  ],
  "world_to_cam": [
    [
      -0.004345448422424493,
      0.9997395687927091,
      0.022403385194568696,
      450.48500639459877
    ],
    [
      -0.9999434167840118,
      -0.004126616343182462,
      -0.009804808405691853,
      12469.097514563075
    ],
    [
      -0.00970980475211498,
      -0.022444723828204054,
      0.9997009323112346,
      543.3814711758434
    ],
    [
      0.0,
      0.0,
      0.0,
      1.0
    ]
  ],
  "vehicle_pose": [
    [
      -0.0010546850709927987,
      -0.9999497602823143,
      0.009968176901680531,
      12475.583528938398
    ],
    [
      0.9999965713862842,
      -0.0010307374621900153,
      0.002407238243348822,
      -388.265932057176
    ],
    [
      -0.0023968427310167746,
      0.009970681602890068,
      0.9999474189442645,
      -433.166
    ],
    [
      0.0,
      0.0,
      0.0,
      1.0
    ]
  ],
  "pose_xyyaw": {
    "x": 12475.583528938398,
    "y": -388.265932057176,
    "yaw_deg": 90.06042918806527
  },
  "preprocess": {
    "grayscale": true,
    "clahe": {
      "enabled": true,
      "clip_limit": 2.0,
      "tile_grid": 8
    }
  }
}