{
  "segment_id": "segment-15832924468527961_1564_160_1584_160_with_camera_labels",
  "frame_index": 176,
  "timestamp_us": 1507678844490418,
  "camera_name": "FRONT",
  "image_path": "/home/wakamatsu/ITS/waymo_outputs/cam_gray_test/training/segment-15832924468527961_1564_160_1584_160_with_camera_labels/FRONT/0176_cam.png",
  "image_path_raw": "/home/wakamatsu/ITS/waymo_outputs/cam_gray_test/training/segment-15832924468527961_1564_160_1584_160_with_camera_labels/FRONT/0176_cam_raw.png",
  "width": 1920,
  "height": 1280,
  "intrinsic": [
    2084.2156571134137,
    2084.2156571134137,
    982.6994065605393,
    647.3422876254992
  ],
  "world_to_cam": [
    [
      -0.004038839151868295,
      0.9997277437928392,
      0.02298099365093937,
      445.34564561823834
    ],
    [
      -0.9999517995402337,
      -0.0038319482501172125,
      -0.009039622163385443,
      12469.653310514026
    ],
    [
      -0.008949099091734405,
      -0.023016395536391083,
      0.9996950330785679,
      533.706615421375
    ],
    [
      0.0,
      0.0,
      0.0,
      1.0
    ]
  ],
  "vehicle_pose": [
    [
      -0.0007670349325433979,
      -0.9999420705167354,
      0.010736259503021893,
      12475.582939800002
    ],
    [
      0.9999980467112931,
      -0.0007474322567722126,
      0.0018297318437016795,
      -386.705577385586
    ],
    [
      -0.0018216012216118254,
      0.010737642000248756,
      0.9999406906478323,
      -433.17
    ],
    [
      0.0,
      0.0,
      0.0,
      1.0
    ]
  ],
  "pose_xyyaw": {
    "x": 12475.582939800002,
    "y": -386.705577385586,
    "yaw_deg": 90.04394794159803
  },
  "preprocess": {
    "grayscale": true,
    "clahe": {
      "enabled": true,
      "clip_limit": 2.0,
      "tile_grid": 8
    }
  }
}