{
  "segment_id": "segment-15832924468527961_1564_160_1584_160_with_camera_labels",
  "frame_index": 177,
  "timestamp_us": 1507678844590380,
  "camera_name": "FRONT",
  "image_path": "/home/wakamatsu/ITS/waymo_outputs/cam_gray_test/training/segment-15832924468527961_1564_160_1584_160_with_camera_labels/FRONT/0177_cam.png",
  "image_path_raw": "/home/wakamatsu/ITS/waymo_outputs/cam_gray_test/training/segment-15832924468527961_1564_160_1584_160_with_camera_labels/FRONT/0177_cam_raw.png",
  "width": 1920,
  "height": 1280,
  "intrinsic": [
    2084.2156571134137,
    2084.2156571134137,
    982.6994065605393,
    647.3422876254992
  ],
  "world_to_cam": [
    [
      -0.003842325221656466,
      0.9997240789135509,
      0.02317331606274396,
      441.41552006197514
    ],
    [
      -0.9999542333272777,
      -0.0036381047787639367,
      -0.008848471307239824,
      12469.8472918488
    ],
    [
      -0.008761722875515637,
      -0.02320625420164873,
      0.9996923036505689,
      531.3336095095001
    ],
    [
      0.0,
      0.0,
      0.0,
      1.0
    ]
  ],
  "vehicle_pose": [
    [
      -0.0005752277377239573,
      -0.9999401171830019,
      0.010928456482691083,
      12475.583144921731
    ],
    [
      0.9999985063434645,
      -0.0005573808288196019,
      0.0016360432302744954,
      -385.1446856035975
    ],
    [
      -0.0016298539472650948,
      0.010929381256776805,
      0.9999389442368242,
      -433.173
    ],
    [
      0.0,
      0.0,
      0.0,
      1.0
    ]
  ],
  "pose_xyyaw": {
    "x": 12475.583144921731,
    "y": -385.1446856035975,
    "yaw_deg": 90.03295816722348
  },
  "preprocess": {
    "grayscale": true,
    "clahe": {
      "enabled": true,
      "clip_limit": 2.0,
      "tile_grid": 8
    }
  }
}