{
  "segment_id": "segment-15832924468527961_1564_160_1584_160_with_camera_labels",
  "frame_index": 178,
  "timestamp_us": 1507678844690380,
  "camera_name": "FRONT",
  "image_path": "/home/wakamatsu/ITS/waymo_outputs/cam_gray_test/training/segment-15832924468527961_1564_160_1584_160_with_camera_labels/FRONT/0178_cam.png",
  "image_path_raw": "/home/wakamatsu/ITS/waymo_outputs/cam_gray_test/training/segment-15832924468527961_1564_160_1584_160_with_camera_labels/FRONT/0178_cam_raw.png",
  "width": 1920,
  "height": 1280,
  "intrinsic": [
    2084.2156571134137,
    2084.2156571134137,
    982.6994065605393,
    647.3422876254992
  ],
  "world_to_cam": [
    [
      -0.0033583626847339485,
      0.9997475655929365,
      0.022215456130242166,
      433.41130172112827
    ],
    [
      -0.9999575408161702,
      -0.003166771548151803,
      -0.00865379239636225,
      12470.160022084816
    ],
    [
      -0.008581256607007362,
      -0.022243575453571845,
      0.9997157522946639,
      529.4998445619281
    ],
    [
      0.0,
      0.0,
      0.0,
      1.0
    ]
  ],
  "vehicle_pose": [
    [
      -9.58876587783967e-05,
      -0.9999381564702374,
      0.011120883079133656,
      12475.583824949634
    ],
    [
      0.9999966449985441,
      -6.709400304627121e-05,
      0.0025894960997205592,
      -383.58361463923256
    ],
    [
      -0.002588589811578258,
      0.011121094069273153,
      0.9999348081097535,
      -433.175
    ],
    [
      0.0,
      0.0,
      0.0,
      1.0
    ]
  ],
  "pose_xyyaw": {
    "x": 12475.583824949634,
    "y": -383.58361463923256,
    "yaw_deg": 90.00549397657086
  },
  "preprocess": {
    "grayscale": true,
    "clahe": {
      "enabled": true,
      "clip_limit": 2.0,
      "tile_grid": 8
    }
  }
}