{
  "segment_id": "segment-15832924468527961_1564_160_1584_160_with_camera_labels",
  "frame_index": 179,
  "timestamp_us": 1507678844790370,
  "camera_name": "FRONT",
  "image_path": "/home/wakamatsu/ITS/waymo_outputs/cam_gray_test/training/segment-15832924468527961_1564_160_1584_160_with_camera_labels/FRONT/0179_cam.png",
  "image_path_raw": "/home/wakamatsu/ITS/waymo_outputs/cam_gray_test/training/segment-15832924468527961_1564_160_1584_160_with_camera_labels/FRONT/0179_cam_raw.png",
  "width": 1920,
  "height": 1280,
  "intrinsic": [
    2084.2156571134137,
    2084.2156571134137,
    982.6994065605393,
    647.3422876254992
  ],
  "world_to_cam": [
    [
      -0.0029963564818927084,
      0.9997736725049867,
      0.021062421839016597,
      426.84464366744857
    ],
    [
      -0.9999508393916693,
      -0.0027964737676368337,
      -0.00951307176271538,
      12469.851884630047
    ],
    [
      -0.009452018182857728,
      -0.021089890951784998,
      0.9997329022553537,
      540.8490080627016
    ],
    [
      0.0,
      0.0,
      0.0,
      1.0
    ]
  ],
  "vehicle_pose": [
    [
      0.00028760628984966807,
      -0.9999473296950188,
      0.010259391718018492,
      12475.585132078208
    ],
    [
      0.9999929682959121,
      0.0003259497257663351,
      0.003735922310112275,
      -382.02222627065396
    ],
    [
      -0.003739069583861832,
      0.01025824510225703,
      0.9999403921064841,
      -433.178
    ],
    [
      0.0,
      0.0,
      0.0,
      1.0
    ]
  ],
  "pose_xyyaw": {
    "x": 12475.585132078208,
    "y": -382.02222627065396,
    "yaw_deg": 89.98352125801092
  },
  "preprocess": {
    "grayscale": true,
    "clahe": {
      "enabled": true,
      "clip_limit": 2.0,
      "tile_grid": 8
    }
  }
}