{
  "segment_id": "segment-15832924468527961_1564_160_1584_160_with_camera_labels",
  "frame_index": 180,
  "timestamp_us": 1507678844890338,
  "camera_name": "FRONT",
  "image_path": "/home/wakamatsu/ITS/waymo_outputs/cam_gray_test/training/segment-15832924468527961_1564_160_1584_160_with_camera_labels/FRONT/0180_cam.png",
  "image_path_raw": "/home/wakamatsu/ITS/waymo_outputs/cam_gray_test/training/segment-15832924468527961_1564_160_1584_160_with_camera_labels/FRONT/0180_cam_raw.png",
  "width": 1920,
  "height": 1280,
  "intrinsic": [
    2084.2156571134137,
    2084.2156571134137,
    982.6994065605393,
    647.3422876254992
  ],
  "world_to_cam": [
    [
      -0.0028094705472130623,
      0.9997660778164461,
      0.021445198128355457,
      423.1131862362497
    ],
    [
      -0.9999495109462538,
      -0.00260179043430325,
      -0.009705990154722814,
      12469.83208860368
    ],
    [
      -0.009647923796960167,
      -0.021471384074065795,
      0.9997229102268049,
      543.1825627152143
    ],
    [
      0.0,
      0.0,
      0.0,
      1.0
    ]
  ],
  "vehicle_pose": [
    [
      0.00047929412511874046,
      -0.9999491996577083,
      0.01006818658201384,
      12475.587094641822
    ],
    [
      0.9999942551739748,
      0.0005130517154568287,
      0.003350581589037839,
      -380.45887141156425
    ],
    [
      -0.0033555768787436814,
      0.01006652282796218,
      0.9999437010261952,
      -433.184
    ],
    [
      0.0,
      0.0,
      0.0,
      1.0
    ]
  ],
  "pose_xyyaw": {
    "x": 12475.587094641822,
    "y": -380.45887141156425,
    "yaw_deg": 89.97253831382555
  },
  "preprocess": {
    "grayscale": true,
    "clahe": {
      "enabled": true,
      "clip_limit": 2.0,
      "tile_grid": 8
    }
  }
}