{
  "segment_id": "segment-15832924468527961_1564_160_1584_160_with_camera_labels",
  "frame_index": 181,
  "timestamp_us": 1507678844990338,
  "camera_name": "FRONT",
  "image_path": "/home/wakamatsu/ITS/waymo_outputs/cam_gray_test/training/segment-15832924468527961_1564_160_1584_160_with_camera_labels/FRONT/0181_cam.png",
  "image_path_raw": "/home/wakamatsu/ITS/waymo_outputs/cam_gray_test/training/segment-15832924468527961_1564_160_1584_160_with_camera_labels/FRONT/0181_cam_raw.png",
  "width": 1920,
  "height": 1280,
  "intrinsic": [
    2084.2156571134137,
    2084.2156571134137,
    982.6994065605393,
    647.3422876254992
  ],
  "world_to_cam": [
    [
      -0.0028189993894394407,
      0.9997275830307002,
      0.023169224631765194,
      422.39929569512935
    ],
    [
      -0.9999457035394197,
      -0.002585662781653596,
      -0.010094767012382818,
      12469.627740043226
    ],
    [
      -0.010032109224737388,
      -0.02319642376691775,
      0.9996805903431998,
      547.3441896795025
    ],
    [
      0.0,
      0.0,
      0.0,
      1.0
    ]
  ],
  "vehicle_pose": [
    [
      0.00047929618693438603,
      -0.9999529952389951,
      0.009683882884847415,
      12475.588544516106
    ],
    [
      0.9999985569245966,
      0.0004950563945751116,
      0.0016251362682605246,
      -378.89333520482876
    ],
    [
      -0.0016298539472650948,
      0.009683089988657587,
      0.9999517895100654,
      -433.19100000000003
    ],
    [
      0.0,
      0.0,
      0.0,
      1.0
    ]
  ],
  "pose_xyyaw": {
    "x": 12475.588544516106,
    "y": -378.89333520482876,
    "yaw_deg": 89.97253831382555
  },
  "preprocess": {
    "grayscale": true,
    "clahe": {
      "enabled": true,
      "clip_limit": 2.0,
      "tile_grid": 8
    }
  }
}