{
  "segment_id": "segment-15832924468527961_1564_160_1584_160_with_camera_labels",
  "frame_index": 182,
  "timestamp_us": 1507678845090374,
  "camera_name": "FRONT",
  "image_path": "/home/wakamatsu/ITS/waymo_outputs/cam_gray_test/training/segment-15832924468527961_1564_160_1584_160_with_camera_labels/FRONT/0182_cam.png",
  "image_path_raw": "/home/wakamatsu/ITS/waymo_outputs/cam_gray_test/training/segment-15832924468527961_1564_160_1584_160_with_camera_labels/FRONT/0182_cam_raw.png",
  "width": 1920,
  "height": 1280,
  "intrinsic": [
    2084.2156571134137,
    2084.2156571134137,
    982.6994065605393,
    647.3422876254992
  ],
  "world_to_cam": [
    [
      -0.002620127874170199,
      0.9997031106248608,
      0.024224482180226967,
      418.8005788597278
    ],
    [
      -0.9999490373800415,
      -0.0023830502768863817,
      -0.009810388071136265,
      12469.875100680574
    ],
    [
      -0.009749747312184935,
      -0.024248952108389534,
      0.9996584070316187,
      543.4541482891483
    ],
    [
      0.0,
      0.0,
      0.0,
      1.0
    ]
  ],
  "vehicle_pose": [
    [
      0.0006711044273697197,
      -0.9999500622044883,
      0.009971094026603334,
      12475.590652103672
    ],
    [
      0.9999996093572281,
      0.0006768067562658739,
      0.0005685226521511191,
      -377.327258778897
    ],
    [
      -0.0005752427651877397,
      0.009970708593398605,
      0.9999501257892349,
      -433.194
    ],
    [
      0.0,
      0.0,
      0.0,
      1.0
    ]
  ],
  "pose_xyyaw": {
    "x": 12475.590652103672,
    "y": -377.327258778897,
    "yaw_deg": 89.961548539451
  },
  "preprocess": {
    "grayscale": true,
    "clahe": {
      "enabled": true,
      "clip_limit": 2.0,
      "tile_grid": 8
    }
  }
}