{
  "segment_id": "segment-15832924468527961_1564_160_1584_160_with_camera_labels",
  "frame_index": 183,
  "timestamp_us": 1507678845190408,
  "camera_name": "FRONT",
  "image_path": "/home/wakamatsu/ITS/waymo_outputs/cam_gray_test/training/segment-15832924468527961_1564_160_1584_160_with_camera_labels/FRONT/0183_cam.png",
  "image_path_raw": "/home/wakamatsu/ITS/waymo_outputs/cam_gray_test/training/segment-15832924468527961_1564_160_1584_160_with_camera_labels/FRONT/0183_cam_raw.png",
  "width": 1920,
  "height": 1280,
  "intrinsic": [
    2084.2156571134137,
    2084.2156571134137,
    982.6994065605393,
    647.3422876254992
  ],
  "world_to_cam": [
    [
      -0.0024570039832403578,
      0.9997286043992459,
      0.02316636953350467,
      414.7522082332076
    ],
    [
      -0.9999375358537892,
      -0.0022036012375658155,
      -0.010957578757994657,
      12469.307937157617
    ],
    [
      -0.010903555478750878,
      -0.02319184528066602,
      0.9996715714625478,
      558.2894826645554
    ],
    [
      0.0,
      0.0,
      0.0,
      1.0
    ]
  ],
  "vehicle_pose": [
    [
      0.0008627918733602119,
      -0.9999607160228418,
      0.008821677916860381,
      12475.59277355177
    ],
    [
      0.9999982995817012,
      0.0008771352119368693,
      0.0016221798686127558,
      -375.7622736525906
    ],
    [
      -0.0016298539472650948,
      0.008820263312710058,
      0.9999597724564748,
      -433.194
    ],
    [
      0.0,
      0.0,
      0.0,
      1.0
    ]
  ],
  "pose_xyyaw": {
    "x": 12475.59277355177,
    "y": -375.7622736525906,
    "yaw_deg": 89.95056559526562
  },
  "preprocess": {
    "grayscale": true,
    "clahe": {
      "enabled": true,
      "clip_limit": 2.0,
      "tile_grid": 8
    }
  }
}