{
  "segment_id": "segment-15832924468527961_1564_160_1584_160_with_camera_labels",
  "frame_index": 184,
  "timestamp_us": 1507678845290446,
  "camera_name": "FRONT",
  "image_path": "/home/wakamatsu/ITS/waymo_outputs/cam_gray_test/training/segment-15832924468527961_1564_160_1584_160_with_camera_labels/FRONT/0184_cam.png",
  "image_path_raw": "/home/wakamatsu/ITS/waymo_outputs/cam_gray_test/training/segment-15832924468527961_1564_160_1584_160_with_camera_labels/FRONT/0184_cam_raw.png",
  "width": 1920,
  "height": 1280,
  "intrinsic": [
    2084.2156571134137,
    2084.2156571134137,
    982.6994065605393,
    647.3422876254992
  ],
  "world_to_cam": [
    [
      -0.0021646830533895854,
      0.9997225606938334,
      0.023454547257252368,
      409.6625102912836
    ],
    [
      -0.9999402080998627,
      -0.001912555592545469,
      -0.010766724493037231,
      12469.538283873946
    ],
    [
      -0.010718879254936716,
      -0.023476451411355584,
      0.9996669254589993,
      555.9163626144677
    ],
    [
      0.0,
      0.0,
      0.0,
      1.0
    ]
  ],
  "vehicle_pose": [
    [
      0.0011504438519760389,
      -0.9999587153122305,
      0.009013553686371814,
      12475.59477907533
    ],
    [
      0.9999984374437157,
      0.0011624943852973069,
      0.0013318096451744388,
      -374.19637758021213
    ],
    [
      -0.0013422328673810522,
      0.009012007429968567,
      0.9999584902049744,
      -433.197
    ],
    [
      0.0,
      0.0,
      0.0,
      1.0
    ]
  ],
  "pose_xyyaw": {
    "x": 12475.59477907533,
    "y": -374.19637758021213,
    "yaw_deg": 89.93408434879838
  },
  "preprocess": {
    "grayscale": true,
    "clahe": {
      "enabled": true,
      "clip_limit": 2.0,
      "tile_grid": 8
    }
  }
}