{
  "segment_id": "segment-15832924468527961_1564_160_1584_160_with_camera_labels",
  "frame_index": 185,
  "timestamp_us": 1507678845390518,
  "camera_name": "FRONT",
  "image_path": "/home/wakamatsu/ITS/waymo_outputs/cam_gray_test/training/segment-15832924468527961_1564_160_1584_160_with_camera_labels/FRONT/0185_cam.png",
  "image_path_raw": "/home/wakamatsu/ITS/waymo_outputs/cam_gray_test/training/segment-15832924468527961_1564_160_1584_160_with_camera_labels/FRONT/0185_cam_raw.png",
  "width": 1920,
  "height": 1280,
  "intrinsic": [
    2084.2156571134137,
    2084.2156571134137,
    982.6994065605393,
    647.3422876254992
  ],
  "world_to_cam": [
    [
      -0.001802766972345056,
      0.9996716577700399,
      0.025560255917033477,
      404.47327361993865
    ],
    [
      -0.999931166168766,
      -0.0015057189703593257,
      -0.011635967289139012,
      12469.20661736757
    ],
    [
      -0.011593660147470028,
      -0.025579473444211537,
      0.9996055610002889,
      566.0593883947301
    ],
    [
      0.0,
      0.0,
      0.0,
      1.0
    ]
  ],
  "vehicle_pose": [
    [
      0.0015339403738059267,
      -0.9999656279992929,
      0.008147996496649542,
      12475.597906993691
    ],
    [
      0.9999985293752925,
      0.0015276395533239827,
      -0.000779464333563402,
      -372.6285231829256
    ],
    [
      0.0007669903400861504,
      0.008149180165815771,
      0.9999665007331211,
      -433.2
    ],
    [
      0.0,
      0.0,
      0.0,
      1.0
    ]
  ],
  "pose_xyyaw": {
    "x": 12475.597906993691,
    "y": -372.6285231829256,
    "yaw_deg": 89.91211163023844
  },
  "preprocess": {
    "grayscale": true,
    "clahe": {
      "enabled": true,
      "clip_limit": 2.0,
      "tile_grid": 8
    }
  }
}