{
  "segment_id": "segment-15832924468527961_1564_160_1584_160_with_camera_labels",
  "frame_index": 186,
  "timestamp_us": 1507678845490597,
  "camera_name": "FRONT",
  "image_path": "/home/wakamatsu/ITS/waymo_outputs/cam_gray_test/training/segment-15832924468527961_1564_160_1584_160_with_camera_labels/FRONT/0186_cam.png",
  "image_path_raw": "/home/wakamatsu/ITS/waymo_outputs/cam_gray_test/training/segment-15832924468527961_1564_160_1584_160_with_camera_labels/FRONT/0186_cam_raw.png",
  "width": 1920,
  "height": 1280,
  "intrinsic": [
    2084.2156571134137,
    2084.2156571134137,
    982.6994065605393,
    647.3422876254992
  ],
  "world_to_cam": [
    [
      -0.0011224250613131926,
      0.9996296313693488,
      0.02719081187389835,
      395.10878003262496
    ],
    [
      -0.9999362996276272,
      -0.0008165570971970655,
      -0.011257438497065854,
      12469.695546925404
    ],
    [
      -0.01123106624457087,
      -0.02720171544015216,
      0.9995668711137455,
      560.9572453676363
    ],
    [
      0.0,
      0.0,
      0.0,
      1.0
    ]
  ],
  "vehicle_pose": [
    [
      0.0022050816057440407,
      -0.9999612101314158,
      0.008527358772003881,
      12475.600733274348
    ],
    [
      0.9999946963659532,
      0.002184556260692001,
      -0.0024155649254553376,
      -371.06042116394576
    ],
    [
      0.0023968427310167746,
      0.00853264006379817,
      0.9999607238279233,
      -433.2
    ],
    [
      0.0,
      0.0,
      0.0,
      1.0
    ]
  ],
  "pose_xyyaw": {
    "x": 12475.600733274348,
    "y": -371.06042116394576,
    "yaw_deg": 89.87365766521127
  },
  "preprocess": {
    "grayscale": true,
    "clahe": {
      "enabled": true,
      "clip_limit": 2.0,
      "tile_grid": 8
    }
  }
}