{
  "segment_id": "segment-15832924468527961_1564_160_1584_160_with_camera_labels",
  "frame_index": 187,
  "timestamp_us": 1507678845590668,
  "camera_name": "FRONT",
  "image_path": "/home/wakamatsu/ITS/waymo_outputs/cam_gray_test/training/segment-15832924468527961_1564_160_1584_160_with_camera_labels/FRONT/0187_cam.png",
  "image_path_raw": "/home/wakamatsu/ITS/waymo_outputs/cam_gray_test/training/segment-15832924468527961_1564_160_1584_160_with_camera_labels/FRONT/0187_cam_raw.png",
  "width": 1920,
  "height": 1280,
  "intrinsic": [
    2084.2156571134137,
    2084.2156571134137,
    982.6994065605393,
    647.3422876254992
  ],
  "world_to_cam": [
    [
      -0.00032959693320889144,
      0.9996196097893323,
      0.027577655637943885,
      383.8149176819056
    ],
    [
      -0.9999479361236087,
      -4.819421648425282e-05,
      -0.010204054069470291,
      12470.58630894957
    ],
    [
      -0.01019884346368719,
      -0.027579583063217186,
      0.9995675816021959,
      547.9800083446241
    ],
    [
      0.0,
      0.0,
      0.0,
      1.0
    ]
  ],
  "vehicle_pose": [
    [
      0.0029720664326495197,
      -0.999949704215978,
      0.009578927888768938,
      12475.60478189966
    ],
    [
      0.9999917182405612,
      0.0029452857103180467,
      -0.002808690508857048,
      -369.49318912150784
    ],
    [
      0.0027803365641348716,
      0.009587196173173556,
      0.9999501764578709,
      -433.197
    ],
    [
      0.0,
      0.0,
      0.0,
      1.0
    ]
  ],
  "pose_xyyaw": {
    "x": 12475.60478189966,
    "y": -369.49318912150784,
    "yaw_deg": 89.82971222809141
  },
  "preprocess": {
    "grayscale": true,
    "clahe": {
      "enabled": true,
      "clip_limit": 2.0,
      "tile_grid": 8
    }
  }
}