{
  "segment_id": "segment-15832924468527961_1564_160_1584_160_with_camera_labels",
  "frame_index": 188,
  "timestamp_us": 1507678845690741,
  "camera_name": "FRONT",
  "image_path": "/home/wakamatsu/ITS/waymo_outputs/cam_gray_test/training/segment-15832924468527961_1564_160_1584_160_with_camera_labels/FRONT/0188_cam.png",
  "image_path_raw": "/home/wakamatsu/ITS/waymo_outputs/cam_gray_test/training/segment-15832924468527961_1564_160_1584_160_with_camera_labels/FRONT/0188_cam_raw.png",
  "width": 1920,
  "height": 1280,
  "intrinsic": [
    2084.2156571134137,
    2084.2156571134137,
    982.6994065605393,
    647.3422876254992
  ],
  "world_to_cam": [
    [
      0.0004586186621920212,
      0.9996505498379012,
      0.02643043468625746,
      371.93085843642854
    ],
    [
      -0.9999561532345856,
      0.0007056460699402004,
      -0.009337755185989276,
      12471.347614037171
    ],
    [
      -0.009353142638289057,
      -0.0264249933283967,
      0.999607042017203,
      537.9095120432299
    ],
    [
      0.0,
      0.0,
      0.0,
      1.0
    ]
  ],
  "vehicle_pose": [
    [
      0.0037390611859215474,
      -0.999938470431043,
      0.010443886894938784,
      12475.610814869002
    ],
    [
      0.9999916814641803,
      0.0037218300445546414,
      -0.0016688270014986748,
      -367.9277245317236
    ],
    [
      0.0016298539472650948,
      0.010450039863358872,
      0.9999440685573192,
      -433.192
    ],
    [
      0.0,
      0.0,
      0.0,
      1.0
    ]
  ],
  "pose_xyyaw": {
    "x": 12475.610814869002,
    "y": -367.9277245317236,
    "yaw_deg": 89.78576679097155
  },
  "preprocess": {
    "grayscale": true,
    "clahe": {
      "enabled": true,
      "clip_limit": 2.0,
      "tile_grid": 8
    }
  }
}