{
  "segment_id": "segment-15832924468527961_1564_160_1584_160_with_camera_labels",
  "frame_index": 189,
  "timestamp_us": 1507678845790776,
  "camera_name": "FRONT",
  "image_path": "/home/wakamatsu/ITS/waymo_outputs/cam_gray_test/training/segment-15832924468527961_1564_160_1584_160_with_camera_labels/FRONT/0189_cam.png",
  "image_path_raw": "/home/wakamatsu/ITS/waymo_outputs/cam_gray_test/training/segment-15832924468527961_1564_160_1584_160_with_camera_labels/FRONT/0189_cam_raw.png",
  "width": 1920,
  "height": 1280,
  "intrinsic": [
    2084.2156571134137,
    2084.2156571134137,
    982.6994065605393,
    647.3422876254992
  ],
  "world_to_cam": [
    [
      0.001220598959615886,
      0.9996524558057759,
      0.026333965513402818,
      360.81710492664104
    ],
    [
      -0.9999535126896679,
      0.001471995475028488,
      -0.009529201903383706,
      12471.518210262444
    ],
    [
      -0.009564653562661878,
      -0.02632110998424648,
      0.9996077813679841,
      540.6250919079755
    ],
    [
      0.0,
      0.0,
      0.0,
      1.0
    ]
  ],
  "vehicle_pose": [
    [
      0.004506046883041052,
      -0.9999373012207746,
      0.010251300834617366,
      12475.617603773951
    ],
    [
      0.9999886711589011,
      0.004490079190138987,
      -0.0015801084523919986,
      -366.3607717797938
    ],
    [
      0.0015339802289716198,
      0.010258304742025921,
      0.9999462055973195,
      -433.189
    ],
    [
      0.0,
      0.0,
      0.0,
      1.0
    ]
  ],
  "pose_xyyaw": {
    "x": 12475.617603773951,
    "y": -366.3607717797938,
    "yaw_deg": 89.74182135385169
  },
  "preprocess": {
    "grayscale": true,
    "clahe": {
      "enabled": true,
      "clip_limit": 2.0,
      "tile_grid": 8
    }
  }
}