{
  "segment_id": "segment-15832924468527961_1564_160_1584_160_with_camera_labels",
  "frame_index": 190,
  "timestamp_us": 1507678845890810,
  "camera_name": "FRONT",
  "image_path": "/home/wakamatsu/ITS/waymo_outputs/cam_gray_test/training/segment-15832924468527961_1564_160_1584_160_with_camera_labels/FRONT/0190_cam.png",
  "image_path_raw": "/home/wakamatsu/ITS/waymo_outputs/cam_gray_test/training/segment-15832924468527961_1564_160_1584_160_with_camera_labels/FRONT/0190_cam_raw.png",
  "width": 1920,
  "height": 1280,
  "intrinsic": [
    2084.2156571134137,
    2084.2156571134137,
    982.6994065605393,
    647.3422876254992
  ],
  "world_to_cam": [
    [
      0.0022912292930848672,
      0.9996195564381822,
      0.027486226635501917,
      346.38004951223115
    ],
    [
      -0.9999575202837534,
      0.0025356686766825863,
      -0.008861603259517391,
      12472.251399392111
    ],
    [
      -0.008927927883529769,
      -0.02746475506342185,
      0.9995829026814197,
      532.2939189081031
    ],
    [
      0.0,
      0.0,
      0.0,
      1.0
    ]
  ],
  "vehicle_pose": [
    [
      0.005560544117570263,
      -0.9999249763818714,
      0.010914300565338856,
      12475.625878395591
    ],
    [
      0.9999809368212068,
      0.005530892925521959,
      -0.0027450350868569113,
      -364.79284713367065
    ],
    [
      0.002684463316608952,
      0.010929356392780521,
      0.9999366694073888,
      -433.188
    ],
    [
      0.0,
      0.0,
      0.0,
      1.0
    ]
  ],
  "pose_xyyaw": {
    "x": 12475.625878395591,
    "y": -364.79284713367065,
    "yaw_deg": 89.68140150045375
  },
  "preprocess": {
    "grayscale": true,
    "clahe": {
      "enabled": true,
      "clip_limit": 2.0,
      "tile_grid": 8
    }
  }
}