{
  "segment_id": "segment-15832924468527961_1564_160_1584_160_with_camera_labels",
  "frame_index": 191,
  "timestamp_us": 1507678845990881,
  "camera_name": "FRONT",
  "image_path": "/home/wakamatsu/ITS/waymo_outputs/cam_gray_test/training/segment-15832924468527961_1564_160_1584_160_with_camera_labels/FRONT/0191_cam.png",
  "image_path_raw": "/home/wakamatsu/ITS/waymo_outputs/cam_gray_test/training/segment-15832924468527961_1564_160_1584_160_with_camera_labels/FRONT/0191_cam_raw.png",
  "width": 1920,
  "height": 1280,
  "intrinsic": [
    2084.2156571134137,
    2084.2156571134137,
    982.6994065605393,
    647.3422876254992
  ],
  "world_to_cam": [
    [
      0.003438865326635045,
      0.999610987033057,
      0.02767758674565453,
      330.57554790606963
    ],
    [
      -0.9999530745945838,
      0.0036880759411422825,
      -0.008958052505484891,
      12472.578587191294
    ],
    [
      -0.009056644748687226,
      -0.02764548242752026,
      0.9995767626787079,
      533.8705724615683
    ],
    [
      0.0,
      0.0,
      0.0,
      1.0
    ]
  ],
  "vehicle_pose": [
    [
      0.0067110035274149,
      -0.9999190068302275,
      0.010813982213159212,
      12475.635664471958
    ],
    [
      0.9999733445685349,
      0.006679478655251091,
      -0.00294868060529425,
      -363.22558916061587
    ],
    [
      0.0028762100189343187,
      0.010833482567740816,
      0.9999371795624871,
      -433.184
    ],
    [
      0.0,
      0.0,
      0.0,
      1.0
    ]
  ],
  "pose_xyyaw": {
    "x": 12475.635664471958,
    "y": -363.22558916061587,
    "yaw_deg": 89.61548334477396
  },
  "preprocess": {
    "grayscale": true,
    "clahe": {
      "enabled": true,
      "clip_limit": 2.0,
      "tile_grid": 8
    }
  }
}