{
  "segment_id": "segment-15832924468527961_1564_160_1584_160_with_camera_labels",
  "frame_index": 192,
  "timestamp_us": 1507678846090917,
  "camera_name": "FRONT",
  "image_path": "/home/wakamatsu/ITS/waymo_outputs/cam_gray_test/training/segment-15832924468527961_1564_160_1584_160_with_camera_labels/FRONT/0192_cam.png",
  "image_path_raw": "/home/wakamatsu/ITS/waymo_outputs/cam_gray_test/training/segment-15832924468527961_1564_160_1584_160_with_camera_labels/FRONT/0192_cam_raw.png",
  "width": 1920,
  "height": 1280,
  "intrinsic": [
    2084.2156571134137,
    2084.2156571134137,
    982.6994065605393,
    647.3422876254992
  ],
  "world_to_cam": [
    [
      0.00442594781822441,
      0.9996227583681125,
      0.027106308093066883,
      316.45116228912354
    ],
    [
      -0.9999587726658903,
      0.004639103862881498,
      -0.007805874959007497,
      12473.498292512824
    ],
    [
      -0.007928679236582654,
      -0.027070642177002495,
      0.9996020790182903,
      520.0557635045755
    ],
    [
      0.0,
      0.0,
      0.0,
      1.0
    ]
  ],
  "vehicle_pose": [
    [
      0.007669786475290229,
      -0.999898990234692,
      0.011965939288957991,
      12475.646971629702
    ],
    [
      0.9999679394442409,
      0.007641682148663315,
      -0.002392650742994919,
      -361.65847259606994
    ],
    [
      0.0023009691572484854,
      0.01198390677460292,
      0.9999255429877542,
      -433.17900000000003
    ],
    [
      0.0,
      0.0,
      0.0,
      1.0
    ]
  ],
  "pose_xyyaw": {
    "x": 12475.646971629702,
    "y": -361.65847259606994,
    "yaw_deg": 89.56054813327955
  },
  "preprocess": {
    "grayscale": true,
    "clahe": {
      "enabled": true,
      "clip_limit": 2.0,
      "tile_grid": 8
    }
  }
}