{
  "segment_id": "segment-15832924468527961_1564_160_1584_160_with_camera_labels",
  "frame_index": 193,
  "timestamp_us": 1507678846190961,
  "camera_name": "FRONT",
  "image_path": "/home/wakamatsu/ITS/waymo_outputs/cam_gray_test/training/segment-15832924468527961_1564_160_1584_160_with_camera_labels/FRONT/0193_cam.png",
  "image_path_raw": "/home/wakamatsu/ITS/waymo_outputs/cam_gray_test/training/segment-15832924468527961_1564_160_1584_160_with_camera_labels/FRONT/0193_cam_raw.png",
  "width": 1920,
  "height": 1280,
  "intrinsic": [
    2084.2156571134137,
    2084.2156571134137,
    982.6994065605393,
    647.3422876254992
  ],
  "world_to_cam": [
    [
      0.005214205958850809,
      0.9996368502707603,
      0.026438223029778073,
      304.7665428821757
    ],
    [
      -0.9999613333291326,
      0.005399472975030154,
      -0.006941004121547021,
      12474.185110374308
    ],
    [
      -0.007081235968536738,
      -0.026401008926658885,
      0.9996263516058449,
      509.7735135009442
    ],
    [
      0.0,
      0.0,
      0.0,
      1.0
    ]
  ],
  "vehicle_pose": [
    [
      0.008436763251147906,
      -0.9998820666582482,
      0.012832529020994835,
      12475.660637739344
    ],
    [
      0.9999630816194939,
      0.008415140673563333,
      -0.0017380464578012388,
      -360.0917955101761
    ],
    [
      0.0016298539472650948,
      0.012846718751289548,
      0.9999161491812381,
      -433.175
    ],
    [
      0.0,
      0.0,
      0.0,
      1.0
    ]
  ],
  "pose_xyyaw": {
    "x": 12475.660637739344,
    "y": -360.0917955101761,
    "yaw_deg": 89.51660269615968
  },
  "preprocess": {
    "grayscale": true,
    "clahe": {
      "enabled": true,
      "clip_limit": 2.0,
      "tile_grid": 8
    }
  }
}