{
  "segment_id": "segment-15832924468527961_1564_160_1584_160_with_camera_labels",
  "frame_index": 194,
  "timestamp_us": 1507678846290962,
  "camera_name": "FRONT",
  "image_path": "/home/wakamatsu/ITS/waymo_outputs/cam_gray_test/training/segment-15832924468527961_1564_160_1584_160_with_camera_labels/FRONT/0194_cam.png",
  "image_path_raw": "/home/wakamatsu/ITS/waymo_outputs/cam_gray_test/training/segment-15832924468527961_1564_160_1584_160_with_camera_labels/FRONT/0194_cam_raw.png",
  "width": 1920,
  "height": 1280,
  "intrinsic": [
    2084.2156571134137,
    2084.2156571134137,
    982.6994065605393,
    647.3422876254992
  ],
  "world_to_cam": [
    [
      0.0058876021356395825,
      0.9996456618973167,
      0.02595932955543961,
      294.59416247064274
    ],
    [
      -0.9999581759408006,
      0.006067162962801416,
      -0.006843676112273111,
      12474.432796779092
    ],
    [
      -0.006998750619882026,
      -0.02591795098880926,
      0.9996395736995923,
      508.9618507473023
    ],
    [
      0.0,
      0.0,
      0.0,
      1.0
    ]
  ],
  "vehicle_pose": [
    [
      0.009107890892641196,
      -0.9998749023599115,
      0.012931587460365252,
      12475.674614880789
    ],
    [
      0.999957860465615,
      0.00909224439601965,
      -0.0012682211451157026,
      -358.5243537268184
    ],
    [
      0.0011504853400251943,
      0.012942593349108265,
      0.9999155792670109,
      -433.172
    ],
    [
      0.0,
      0.0,
      0.0,
      1.0
    ]
  ],
  "pose_xyyaw": {
    "x": 12475.674614880789,
    "y": -358.5243537268184,
    "yaw_deg": 89.4781487311325
  },
  "preprocess": {
    "grayscale": true,
    "clahe": {
      "enabled": true,
      "clip_limit": 2.0,
      "tile_grid": 8
    }
  }
}