{
  "segment_id": "segment-15832924468527961_1564_160_1584_160_with_camera_labels",
  "frame_index": 195,
  "timestamp_us": 1507678846391000,
  "camera_name": "FRONT",
  "image_path": "/home/wakamatsu/ITS/waymo_outputs/cam_gray_test/training/segment-15832924468527961_1564_160_1584_160_with_camera_labels/FRONT/0195_cam.png",
  "image_path_raw": "/home/wakamatsu/ITS/waymo_outputs/cam_gray_test/training/segment-15832924468527961_1564_160_1584_160_with_camera_labels/FRONT/0195_cam_raw.png",
  "width": 1920,
  "height": 1280,
  "intrinsic": [
    2084.2156571134137,
    2084.2156571134137,
    982.6994065605393,
    647.3422876254992
  ],
  "world_to_cam": [
    [
      0.006747996083116311,
      0.9996646610664164,
      0.025000599269399817,
      281.88473668883864
    ],
    [
      -0.9999519736068038,
      0.006923413577578395,
      -0.006936629173591799,
      12474.627591076798
    ],
    [
      -0.007107392540191422,
      -0.024952590234295732,
      0.999663369946043,
      510.7098698298174
    ],
    [
      0.0,
      0.0,
      0.0,
      1.0
    ]
  ],
  "vehicle_pose": [
    [
      0.009970694288848132,
      -0.9998677973380639,
      0.012844185522123441,
      12475.690896400281
    ],
    [
      0.9999502730077406,
      0.009967408455015906,
      -0.00031981312616417336,
      -356.95706562169414
    ],
    [
      0.00019174760264656626,
      0.012846735578319949,
      0.9999174589024024,
      -433.169
    ],
    [
      0.0,
      0.0,
      0.0,
      1.0
    ]
  ],
  "pose_xyyaw": {
    "x": 12475.690896400281,
    "y": -356.95706562169414,
    "yaw_deg": 89.42871182191996
  },
  "preprocess": {
    "grayscale": true,
    "clahe": {
      "enabled": true,
      "clip_limit": 2.0,
      "tile_grid": 8
    }
  }
}