{
  "segment_id": "segment-15832924468527961_1564_160_1584_160_with_camera_labels",
  "frame_index": 196,
  "timestamp_us": 1507678846491033,
  "camera_name": "FRONT",
  "image_path": "/home/wakamatsu/ITS/waymo_outputs/cam_gray_test/training/segment-15832924468527961_1564_160_1584_160_with_camera_labels/FRONT/0196_cam.png",
  "image_path_raw": "/home/wakamatsu/ITS/waymo_outputs/cam_gray_test/training/segment-15832924468527961_1564_160_1584_160_with_camera_labels/FRONT/0196_cam_raw.png",
  "width": 1920,
  "height": 1280,
  "intrinsic": [
    2084.2156571134137,
    2084.2156571134137,
    982.6994065605393,
    647.3422876254992
  ],
  "world_to_cam": [
    [
      0.007326483412330021,
      0.9997002945473231,
      0.023359018018837982,
      272.4024160653681
    ],
    [
      -0.9999143575277911,
      0.007577380804644228,
      -0.010670562774559422,
      12472.77967131907
    ],
    [
      -0.010844364923464035,
      -0.023278839793618444,
      0.9996701932974043,
      557.9662653583282
    ],
    [
      0.0,
      0.0,
      0.0,
      1.0
    ]
  ],
  "vehicle_pose": [
    [
      0.010641676907634389,
      -0.9999017609476689,
      0.009122673201666525,
      12475.708104879071
    ],
    [
      0.9999423416189045,
      0.010654343887627994,
      0.0013410421418222616,
      -355.38983968043055
    ],
    [
      -0.001438106496578116,
      0.00910787626590566,
      0.9999574883161931,
      -433.16700000000003
    ],
    [
      0.0,
      0.0,
      0.0,
      1.0
    ]
  ],
  "pose_xyyaw": {
    "x": 12475.708104879071,
    "y": -355.38983968043055,
    "yaw_deg": 89.39026468708195
  },
  "preprocess": {
    "grayscale": true,
    "clahe": {
      "enabled": true,
      "clip_limit": 2.0,
      "tile_grid": 8
    }
  }
}