{
  "segment_id": "segment-15832924468527961_1564_160_1584_160_with_camera_labels",
  "frame_index": 197,
  "timestamp_us": 1507678846591027,
  "camera_name": "FRONT",
  "image_path": "/home/wakamatsu/ITS/waymo_outputs/cam_gray_test/training/segment-15832924468527961_1564_160_1584_160_with_camera_labels/FRONT/0197_cam.png",
  "image_path_raw": "/home/wakamatsu/ITS/waymo_outputs/cam_gray_test/training/segment-15832924468527961_1564_160_1584_160_with_camera_labels/FRONT/0197_cam_raw.png",
  "width": 1920,
  "height": 1280,
  "intrinsic": [
    2084.2156571134137,
    2084.2156571134137,
    982.6994065605393,
    647.3422876254992
  ],
  "world_to_cam": [
    [
      0.008084154476370757,
      0.9997312272763214,
      0.021728314591388773,
      260.6874713338643
    ],
    [
      -0.9999042963530698,
      0.008325695185425254,
      -0.011049024135718072,
      12472.760445615113
    ],
    [
      -0.011226957783588055,
      -0.02163691309451444,
      0.9997028555579232,
      563.3721624770515
    ],
    [
      0.0,
      0.0,
      0.0,
      1.0
    ]
  ],
  "vehicle_pose": [
    [
      0.01140858015391242,
      -0.999896558180824,
      0.008758837651995179,
      12475.725455425472
    ],
    [
      0.999930213534749,
      0.011434964009217237,
      0.0029681068814015627,
      -353.8224489816861
    ],
    [
      -0.0030679568483393833,
      0.008724364518413888,
      0.999957235637868,
      -433.168
    ],
    [
      0.0,
      0.0,
      0.0,
      1.0
    ]
  ],
  "pose_xyyaw": {
    "x": 12475.725455425472,
    "y": -353.8224489816861,
    "yaw_deg": 89.3463192499621
  },
  "preprocess": {
    "grayscale": true,
    "clahe": {
      "enabled": true,
      "clip_limit": 2.0,
      "tile_grid": 8
    }
  }
}